gid,tipo_insta,estado,tipo_estac,Calle,Tramo,num_instal,fecha,OID_,DIA,TARDE,NOCHE,IMD
250,EA,Instalado,Anual,Ronda De Boltana,Carretera De Huesca-Calle La Fragua,571,27-10-2015,540,"0,06330","0,04940","0,00530","5845,00000"
251,EA,Instalado,Anual,Ronda De Boltana,Calle La Fragua-Carretera De Huesca,572,27-10-2015,541,"0,06230","0,04390","0,00960","5649,00000"
252,EA,Instalado,Anual,Avenida Academia General Militar,Avenida Las Majas De Goya-Carretera De Huesca,578,27-10-2015,547,"0,06450","0,04000","0,00830","9428,00000"
253,EA,Instalado,Anual,Avenida Academia General Militar,Carretera De Huesca-Avenida Las Majas De Goya,577,27-10-2015,546,"0,06400","0,04750","0,00530","7864,00000"
254,EA,Instalado,Anual,Avenida Las Majas De Goya,Avenida Academia General Militar-Carretera De Huesca,575,27-10-2015,544,"0,06040","0,05660","0,00600","1648,00000"
255,EA,Instalado,Anual,Avenida Las Majas De Goya,Carretera De Huesca-Avenida Academia General Militar,576,27-10-2015,545,"0,06670","0,03340","0,00820","2630,00000"
256,EA,Instalado,Anual,Avenida Las Majas De Goya,Carretera De Huesca-Paseo Rafael Esteve Vilella,573,27-10-2015,542,"0,06250","0,05030","0,00610","2431,00000"
257,EA,Instalado,Anual,Avenida Las Majas De Goya,Paseo Rafael Esteve Vilella-Carretera De Huesca,574,27-10-2015,543,"0,06560","0,03780","0,00770","3027,00000"
258,EA,Instalado,Anual,Avenida Las Majas De Goya,Calle Julian Gallego-Ronda De Boltana,563,27-10-2015,0,"0,00000","0,00000","0,00000","0,00000"
259,EA,Instalado,Anual,Avenida Las Majas De Goya,Ronda De Boltana-Calle Julian Gallego,564,27-10-2015,0,"0,00000","0,00000","0,00000","0,00000"
260,EA,Instalado,Anual,Ronda De Boltana,Avenida Las Majas De Goya-Calle Luciano Gracia,569,27-10-2015,538,"0,06760","0,03710","0,00500","4159,00000"
261,EA,Instalado,Anual,Ronda De Boltana,Calle Luciano Gracia-Avenida Las Majas De Goya,570,27-10-2015,539,"0,06020","0,05820","0,00560","5390,00000"
262,EA,Instalado,Anual,Calle Zaragoza Juslibol,Ronda De Boltana-Calle Herreria Juslibol,561,27-10-2015,532,"0,06240","0,04840","0,00720","1823,00000"
263,EA,Instalado,Anual,Calle Zaragoza Juslibol,Calle Herreria Juslibol-Ronda De Boltana,562,27-10-2015,533,"0,06100","0,05300","0,00700","2171,00000"
264,EA,Instalado,Anual,Calle Luciano Gracia,Ronda De Boltana-Calle Mariano Esquillor Gomez,567,27-10-2015,536,"0,06700","0,04120","0,00390","4269,00000"
265,EA,Instalado,Anual,Calle Luciano Gracia,Calle Mariano Esquillor Gomez-Ronda De Boltana,568,27-10-2015,537,"0,05940","0,06180","0,00500","4950,00000"
266,EA,Instalado,Anual,Ronda De Boltana,Calle Luciano Gracia-Avenida Ranillas,560,27-10-2015,531,"0,06360","0,05030","0,00450","3452,00000"
267,EA,Instalado,Anual,Ronda De Boltana,Avenida Ranillas-Calle Luciano Gracia,559,27-10-2015,530,"0,06660","0,04110","0,00450","3922,00000"
268,EA,Instalado,Anual,Avenida Academia General Militar,Calle Los Lenadores-Calle El Globo,579,27-10-2015,548,"0,06420","0,04420","0,00670","7631,00000"
269,EA,Instalado,Anual,Avenida Academia General Militar,Calle El Globo-Calle Los Lenadores,580,27-10-2015,549,"0,06430","0,03800","0,00950","6130,00000"
270,EA,Instalado,Anual,Calle Cineasta Adolfo Aznar,Calle Cineasta Jose M. Beltran-Calle Maria Zambrano,358,20-10-2015,344,"0,06220","0,04610","0,00860","2227,00000"
271,EA,Instalado,Anual,Calle Cineasta Adolfo Aznar,Calle Maria Zambrano-Calle Cineasta Jose M. Beltran,359,20-10-2015,345,"0,05980","0,06170","0,00440","5674,00000"
272,EA,Instalado,Anual,Calle Luis Legaz Lacambra,Calle Gertrudis Gomez De Avellaneda-Calle Octavio Paz,381,21-10-2015,367,"0,05810","0,05330","0,01120","3340,00000"
273,EA,Instalado,Anual,Calle Luis Legaz Lacambra,Calle Octavio Paz-Calle Gertrudis Gomez De Avellaneda,380,21-10-2015,366,"0,06120","0,05500","0,00570","3718,00000"
274,EA,Instalado,Anual,Avenida Ranillas,Calle Pablo Ruiz Picasso-Calle Luis Legaz Lacambra,376,21-10-2015,362,"0,06060","0,05140","0,00840","10308,00000"
275,EA,Instalado,Anual,Avenida Ranillas,Calle Luis Legaz Lacambra-Calle Pablo Ruiz Picasso,377,21-10-2015,363,"0,06480","0,04750","0,00410","9833,00000"
276,EA,Instalado,Anual,Calle Maria Zambrano,Calle Pablo Ruiz Picasso-Calle Cineasta Adolfo Aznar,319,20-10-2015,308,"0,06100","0,05590","0,00550","15136,00000"
277,EA,Instalado,Anual,Calle Gertrudis Gomez De Avellaneda,Calle Julio Cortazar-Calle Pablo Ruiz Picasso,320,20-10-2015,309,"0,05970","0,06100","0,00490","12442,00000"
278,EA,Instalado,Anual,Calle Pablo Ruiz Picasso,Calle Gertrudis Gomez De Avellaneda-Calle Emilia Pardo Bazan,375,21-10-2015,361,"0,06220","0,05050","0,00640","11204,00000"
279,EA,Instalado,Anual,Calle Pablo Ruiz Picasso,Calle Emilia Pardo Bazan-Calle Gertrudis Gomez De Avellaneda,374,21-10-2015,360,"0,06340","0,04880","0,00550","13593,00000"
280,EA,Instalado,Anual,Calle Pablo Ruiz Picasso,Calle Pintor Antonio Saura-Calle Maria Zambrano,318,20-10-2015,307,"0,06380","0,04680","0,00600","14590,00000"
281,EA,Instalado,Anual,Calle Pablo Ruiz Picasso,Calle Maria Zambrano-Calle Pintor Antonio Saura,317,20-10-2015,306,"0,06000","0,05740","0,00640","12247,00000"
282,EA,Instalado,Anual,Puente Tercer Milenio,Avenida Ranillas-Avenida Pablo Gargallo,122,15-10-2015,113,"0,06320","0,04850","0,00590","10648,00000"
283,EA,Instalado,Anual,Puente Tercer Milenio,Avenida Pablo Gargallo-Avenida Ranillas,123,15-10-2015,114,"0,06360","0,04750","0,00590","12746,00000"
284,EA,Instalado,Anual,Avenida Ranillas,Calle Clara Campoamor-Calle Pablo Ruiz Picasso,321,,310,"0,06450","0,04380","0,00640","8078,00000"
285,EA,Instalado,Anual,Avenida Ranillas,Calle Pablo Ruiz Picasso-Calle Clara Campoamor,322,,311,"0,06700","0,04240","0,00330","5570,00000"
286,EA,Instalado,Anual,Calle Maria Zambrano,Calle Poeta Pablo Neruda-Calle Pablo Ruiz Picasso,315,,304,"0,06190","0,05050","0,00690","9892,00000"
287,EA,Instalado,Anual,Calle Gertrudis Gomez De Avellaneda,Calle Pablo Ruiz Picasso-Calle Clara Campoamor,316,,305,"0,06040","0,05460","0,00720","10151,00000"
288,EA,Instalado,Anual,Calle Clara Campoamor,Calle Gertrudis Gomez De Avellaneda-Calle Maria Zayas Sotomayor,379,21-10-2015,365,"0,06120","0,05330","0,00660","4190,00000"
289,EA,Instalado,Anual,Calle Clara Campoamor,Calle Maria Zayas Sotomayor-Calle Gertrudis Gomez De Avellaneda,378,21-10-2015,364,"0,06270","0,04840","0,00680","2718,00000"
290,EA,Instalado,Anual,Calle Poeta Pablo Neruda,Calle Poeta Rafael Alberti-Calle Maria Zambrano,314,,303,"0,06280","0,04760","0,00700","3878,00000"
291,EA,Instalado,Anual,Calle Poeta Pablo Neruda,Calle Maria Zambrano-Calle Poeta Rafael Alberti,313,,302,"0,06120","0,05580","0,00530","4644,00000"
292,EA,Instalado,Anual,Calle Valle De Broto,Avenida De Los Pirineos-Calle Maria Zambrano,311,20-10-2015,300,"0,06240","0,04840","0,00720","19935,00000"
293,EA,Instalado,Anual,Calle Valle De Broto,Calle Maria Zambrano-Avenida De Los Pirineos,312,20-10-2015,301,"0,05850","0,05120","0,01160","17567,00000"
294,EA,Instalado,Anual,Calle Maria Zambrano,Calle Valero Julian Ripol Urbano-Calle Valle De Broto,370,21-10-2015,356,"0,05890","0,05610","0,00860","10743,00000"
295,EA,Instalado,Anual,Calle Gertrudis Gomez De Avellaneda,Calle Valle De Broto-Plaza Ortilla,371,21-10-2015,357,"0,05930","0,05520","0,00850","10438,00000"
296,EA,Instalado,Anual,Calle Maria Zambrano,Calle Valle De Broto-Calle Nicolas Guillen,372,21-10-2015,358,"0,06010","0,05690","0,00650","16504,00000"
297,EA,Instalado,Anual,Calle Gertrudis Gomez De Avellaneda,Calle Mariana Pineda-Calle Valle De Broto,373,21-10-2015,359,"0,05870","0,05660","0,00860","14366,00000"
298,EA,Instalado,Anual,Avenida Ranillas,Avenida De Los Pirineos-Calle Maria Zambrano,301,,290,"0,06200","0,04800","0,00790","8203,00000"
299,EA,Instalado,Anual,Avenida Ranillas,Calle Maria Zambrano-Avenida De Los Pirineos,302,,291,"0,05730","0,05850","0,00980","5258,00000"
300,EA,Instalado,Anual,Calle Arquitecto De La Figuera,Calle Palencia-Avenida De Los Pirineos,303,19-10-2015,292,"0,06160","0,04830","0,00840","7862,00000"
301,EA,Instalado,Anual,Calle Palencia,Calle Mariano Turmo-Calle Mariano Baselga,345,20-10-2015,332,"0,06070","0,05380","0,00700","3026,00000"
302,EA,Instalado,Anual,Avenida De Los Pirineos,Calle Valle De Broto-Avenida Ranillas,305,20-10-2015,294,"0,06450","0,04370","0,00630","8988,00000"
303,EA,Instalado,Anual,Avenida De Los Pirineos,Avenida Ranillas-Calle Valle De Broto,306,20-10-2015,295,"0,05890","0,04760","0,01280","6252,00000"
304,EA,Instalado,Anual,Calle Valle De Broto,Avenida De Los Pirineos-Avenida Salvador Allende,307,20-10-2015,296,"0,05940","0,05540","0,00820","17890,00000"
305,EA,Instalado,Anual,Calle Valle De Broto,Avenida Salvador Allende-Avenida De Los Pirineos,308,20-10-2015,297,"0,06160","0,04620","0,00960","20229,00000"
306,EA,Instalado,Anual,Avenida De Los Pirineos,Calle Pablo Ruiz Picasso-Calle Valle De Broto,310,20-10-2015,299,"0,06340","0,04650","0,00670","20907,00000"
307,EA,Instalado,Anual,Avenida De Los Pirineos,Calle Valle De Broto-Calle Pablo Ruiz Picasso,309,20-10-2015,298,"0,05900","0,04220","0,01550","20242,00000"
308,EA,Instalado,Anual,Comandante Che Guevara,Calle Poeta Pablo Neruda-Calle Valle De Broto,361,20-10-2015,347,"0,06170","0,04670","0,00920","7109,00000"
309,EA,Instalado,Anual,Paseo De La Ribera,Calle Sixto Celorrio-Calle Gregorio Garcia Arista,443,22-10-2015,429,"0,06090","0,05190","0,00780","5303,00000"
310,EA,Instalado,Anual,Calle Sobrarbe,Calle Pedro Villacampa-Avenida Cataluna,338,20-10-2015,325,"0,06160","0,04700","0,00910","3147,00000"
311,EA,Instalado,Anual,Calle Sobrarbe,Avenida Cataluna-Calle Pedro Villacampa,337,20-10-2015,324,"0,06100","0,05200","0,00750","1388,00000"
312,EA,Instalado,Anual,Calle Jesus,Calle Juliana Larena-Calle Nicolas Funes,360,20-10-2015,346,"0,06320","0,04470","0,00780","2044,00000"
313,EA,Instalado,Anual,Calle Valle De Oza,Calle Valle De Broto-Calle Pena Oroel,343,20-10-2015,330,"0,06040","0,05490","0,00700","2433,00000"
314,EA,Instalado,Anual,Calle Valle De Oza,Calle Pena Oroel-Calle Valle De Broto,344,20-10-2015,331,"0,06250","0,04680","0,00780","1248,00000"
315,EA,Instalado,Anual,Calle Pantano De Yesa,Calle Pantano De Sotonera-Avenida Salvador Allende,346,20-10-2015,333,"0,05990","0,05070","0,00980","1313,00000"
316,EA,Instalado,Anual,Calle Pantano De Yesa,Avenida Salvador Allende-Calle Pantano De Sotonera,347,20-10-2015,334,"0,06260","0,04920","0,00660","2484,00000"
317,EA,Instalado,Anual,Avenida Salvador Allende,Calle Pablo Ruiz Picasso-Calle Valle De Broto,323,20-10-2015,312,"0,06270","0,04630","0,00780","8168,00000"
318,EA,Instalado,Anual,Avenida Salvador Allende,Calle Valle De Broto-Calle Pablo Ruiz Picasso,324,20-10-2015,313,"0,06130","0,05070","0,00770","6910,00000"
319,EA,Instalado,Anual,Calle Pablo Ruiz Picasso,Calle Carlos Marx-Avenida Salvador Allende,477,23-10-2015,461,"0,06040","0,05510","0,00690","9303,00000"
320,EA,Instalado,Anual,Calle Pablo Ruiz Picasso,Avenida Salvador Allende-Calle Carlos Marx,476,23-10-2015,460,"0,06360","0,05020","0,00460","7656,00000"
321,EA,Instalado,Anual,Avenida Salvador Allende,Calle Jean Paul Sartre-Calle Continente Oceania,583,27-10-2015,550,"0,06500","0,04340","0,00580","8956,00000"
322,EA,Instalado,Anual,Avenida Salvador Allende,Calle Continente Oceania-Calle Jean Paul Sartre,584,27-10-2015,551,"0,06290","0,03790","0,01170","7778,00000"
323,EA,Instalado,Anual,Avenida San Juan De La Pena,Calle Alcalde Fco. Caballero-Calle Del Somport,352,20-10-2015,338,"0,06360","0,04460","0,00740","4385,00000"
324,EA,Instalado,Anual,Avenida San Juan De La Pena,Calle Del Somport-Calle Alcalde Fco. Caballero,351,20-10-2015,337,"0,06100","0,04650","0,01030","6476,00000"
325,EA,Instalado,Anual,Calle Alcalde Fco. Caballero,Camino De Los Molinos-Avenida San Juan De La Pena,325,20-10-2015,314,"0,06440","0,04630","0,00530","9858,00000"
326,EA,Instalado,Anual,Calle Alcalde Fco. Caballero,Avenida San Juan De La Pena-Camino De Los Molinos,326,20-10-2015,315,"0,06480","0,03550","0,01010","9972,00000"
327,EA,Instalado,Anual,Calle Jose Luis Lacruz Berdejo,Calle Monte Perdido-Avenida San Juan De La Pena,349,20-10-2015,335,"0,06100","0,04860","0,00920","3316,00000"
328,EA,Instalado,Anual,Camino De Los Molinos,Calle Alcalde Fco. Caballero-Calle Ciudad De Albarracin,350,20-10-2015,336,"0,06510","0,04670","0,00400","4004,00000"
329,EA,Instalado,Anual,Avenida San Juan De La Pena,Calle Pantano De Yesa-Calle Valle De Broto,339,20-10-2015,326,"0,06310","0,04730","0,00670","8150,00000"
330,EA,Instalado,Anual,Avenida San Juan De La Pena,Calle Valle De Broto-Calle Pantano De Yesa,340,20-10-2015,327,"0,06250","0,04550","0,00860","8271,00000"
331,EA,Instalado,Anual,Calle Valle De Broto,Avenida San Juan De La Pena-Calle Pilar Andres,368,21-10-2015,354,"0,06250","0,04640","0,00800","15920,00000"
332,EA,Instalado,Anual,Calle Valle De Broto,Calle Pilar Andres-Avenida San Juan De La Pena,369,21-10-2015,355,"0,06110","0,05330","0,00670","13379,00000"
333,EA,Instalado,Anual,Avenida San Juan De La Pena,Calle Valle De Broto-Calle Pena Oroel,367,20-10-2015,353,"0,06290","0,04600","0,00770","3866,00000"
334,EA,Instalado,Anual,Avenida San Juan De La Pena,Calle Pena Oroel-Calle Valle De Broto,366,20-10-2015,352,"0,06140","0,04530","0,01030","4779,00000"
335,EA,Instalado,Anual,Avenida Cataluna,Calle Marques De La Cadena-Calle Bielsa,362,20-10-2015,348,"0,06240","0,04770","0,00760","7628,00000"
336,EA,Instalado,Anual,Avenida Cataluna,Calle Bielsa-Calle Marques De La Cadena,363,20-10-2015,349,"0,06200","0,04220","0,01090","7927,00000"
337,EA,Instalado,Anual,Calle Marques De La Cadena,Avenida Cataluna-Camino Torrecillas,341,20-10-2015,328,"0,06240","0,04150","0,01060","18934,00000"
338,EA,Instalado,Anual,Calle Marques De La Cadena,Camino Torrecillas-Avenida Cataluna,342,20-10-2015,329,"0,06240","0,04800","0,00730","18000,00000"
339,EA,Instalado,Anual,Calle Marques De La Cadena,Calle Molino De Las Armas-Calle Jose Oto,331,20-10-2015,320,"0,05990","0,05000","0,01010","15122,00000"
340,EA,Instalado,Anual,Calle Marques De La Cadena,Calle Jose Oto-Calle Molino De Las Armas,332,20-10-2015,321,"0,06220","0,05120","0,00610","18408,00000"
341,EA,Instalado,Anual,Calle Pascuala Perie,Avenida Cataluna-Calle Jose Oto,330,20-10-2015,319,"0,06100","0,05290","0,00710","3223,00000"
342,EA,Instalado,Anual,Calle Felisa Gale,Calle Jose Oto-Avenida Cataluna,329,20-10-2015,318,"0,06080","0,03800","0,01480","7072,00000"
343,EA,Instalado,Anual,Calle Velilla De Ebro,Calle Balbino Orensanz-Calle Marques De La Cadena,445,22-10-2015,431,"0,06840","0,03430","0,00530","2367,00000"
344,EA,Instalado,Anual,Calle Velilla De Ebro,Calle Marques De La Cadena-Calle Balbino Orensanz,444,22-10-2015,430,"0,05720","0,06350","0,00740","3425,00000"
345,EA,Instalado,Anual,Calle Balbino Orensanz,Calle Joaquin Numancia-Calle Pintor Manuel Viola,446,22-10-2015,432,"0,06240","0,05290","0,00500","3916,00000"
346,EA,Instalado,Anual,Calle Balbino Orensanz,Calle Pintor Manuel Viola-Calle Joaquin Numancia,447,22-10-2015,433,"0,06100","0,04510","0,01090","2695,00000"
347,EA,Instalado,Anual,Avenida La Jota,Calle Miguel Asso-Calle Felisa Gale,357,20-10-2015,343,"0,05820","0,04920","0,01310","7126,00000"
348,EA,Instalado,Anual,Carretera Cogullada,Camino San Gregorio-Calle Alcalde Fco. Caballero,356,20-10-2015,342,"0,06600","0,03170","0,01020","7458,00000"
349,EA,Instalado,Anual,Carretera Cogullada,Calle Alcalde Fco. Caballero-Camino San Gregorio,355,20-10-2015,341,"0,06010","0,02550","0,02200","4798,00000"
350,EA,Instalado,Anual,Calle Alcalde Fco. Caballero,Carretera Cogullada-Camino De Los Molinos,353,20-10-2015,339,"0,06840","0,03340","0,00570","10700,00000"
351,EA,Instalado,Anual,Calle Alcalde Fco. Caballero,Camino De Los Molinos-Carretera Cogullada,354,20-10-2015,340,"0,06240","0,04330","0,00970","5809,00000"
352,EA,Instalado,Anual,Avenida Cataluna,Calle Lecera-Calle Santa Fe,327,20-10-2015,316,"0,05950","0,04830","0,01170","11675,00000"
353,EA,Instalado,Anual,Avenida Cataluna,Calle Santa Fe-Calle Lecera,328,20-10-2015,317,"0,06530","0,03920","0,00740","12594,00000"
354,EA,Instalado,Anual,Puente Del Gallego,Avenida La Industria Santa Isabel-Avenida Cataluna,594,27-10-2015,561,"0,06440","0,03830","0,00930","11620,00000"
355,EA,Instalado,Anual,Puente Del Gallego,Avenida Cataluna-Avenida La Industria Santa Isabel,593,27-10-2015,560,"0,05960","0,04800","0,01160","10515,00000"
356,EA,Instalado,Anual,Avenida La Industria Santa Isabel,Calle Victor Jara Santa Isabel-Avenida Santa Isabel,596,26-10-2015,563,"0,06360","0,03890","0,01020","7393,00000"
357,EA,Instalado,Anual,Avenida La Industria Santa Isabel,Avenida Santa Isabel-Calle Victor Jara Santa Isabel,595,27-10-2015,562,"0,06380","0,04370","0,00740","6759,00000"
358,EA,Instalado,Anual,Avenida Movera Movera,Avenida Santa Isabel-Calle Andalan Santa Isabel,601,27-10-2015,568,"0,05930","0,04410","0,01400","4582,00000"
359,EA,Instalado,Anual,Avenida Movera Movera,Calle Andalan Santa Isabel-Avenida Santa Isabel,602,27-10-2015,569,"0,06950","0,03550","0,00290","1044,00000"
360,EA,Instalado,Anual,Avenida Santa Isabel,Avenida Santa Isabel-Avenida Movera Movera,603,27-10-2015,570,"0,06350","0,03660","0,01150","4151,00000"
361,EA,Instalado,Anual,Avenida Santa Isabel,Avenida Movera Movera-Avenida Santa Isabel,604,27-10-2015,571,"0,06370","0,04510","0,00700","7805,00000"
362,EA,Instalado,Anual,Avenida Montanana,Camino De Los Olivos Montanana-Avenida Estudiantes Santa Isabel,597,27-10-2015,564,"0,06640","0,03470","0,00800","3210,00000"
363,EA,Instalado,Anual,Avenida Montanana,Avenida Estudiantes Santa Isabel-Camino De Los Olivos Montanana,598,27-10-2015,565,"0,06380","0,04520","0,00670","4450,00000"
364,EA,Instalado,Anual,Avenida Santa Isabel,Calle Iglesia Santa Isabel-Calle Salvador Valiente Aznar Santa Isabel,605,27-10-2015,572,"0,06060","0,05280","0,00770","5781,00000"
365,EA,Instalado,Anual,Avenida Santa Isabel,Calle Salvador Valiente Aznar Santa Isabel-Calle Iglesia Santa Isabel,606,27-10-2015,573,"0,06480","0,03840","0,00860","3782,00000"
366,EA,Instalado,Anual,Avenida Santa Isabel,Calle De La Concordia Santa Isabel-Calle Mamblas,609,27-10-2015,576,"0,06400","0,03610","0,01090","1148,00000"
367,EA,Instalado,Anual,Avenida Santa Isabel,Calle Mamblas-Calle De La Concordia Santa Isabel,610,27-10-2015,577,"0,06530","0,04100","0,00650","1471,00000"
368,EA,Instalado,Anual,Avenida Real Zaragoza Santa Isabel,Avenida Estudiantes Santa Isabel-Calle Mamblas,612,27-10-2015,579,"0,06380","0,04660","0,00600","2945,00000"
369,EA,Instalado,Anual,Avenida Real Zaragoza Santa Isabel,Calle Mamblas-Avenida Estudiantes Santa Isabel,611,27-10-2015,578,"0,06270","0,03740","0,01230","2554,00000"
370,EA,Instalado,Anual,Puente La Union,Calle Marques De La Cadena-Avenida Camino De Las Torres,273,19-10-2015,263,"0,06240","0,04950","0,00660","14225,00000"
371,EA,Instalado,Anual,Puente La Union,Avenida Camino De Las Torres-Calle Marques De La Cadena,274,19-10-2015,264,"0,05860","0,05030","0,01200","16303,00000"
372,EA,Instalado,Anual,Calle Florian Rey,Calle Salvador Minguijon-Calle Doctor Iranzo,440,21-10-2015,426,"0,05840","0,05390","0,01040","930,00000"
373,EA,Instalado,Anual,Calle Salvador Minguijon,Calle Nicanor Villa-Calle Florian Rey,439,21-10-2015,425,"0,05690","0,05390","0,01260","5636,00000"
374,EA,Instalado,Anual,Calle Pedro Cubero,Calle Salvador Minguijon-Calle Fray Luis Urbano,438,21-10-2015,424,"0,06080","0,04650","0,01060","1386,00000"
375,EA,Instalado,Anual,Calle Fray Luis Urbano,Calle Madrina Salinas-Calle Pedro Cubero,437,21-10-2015,423,"0,05960","0,05340","0,00900","2781,00000"
376,EA,Instalado,Anual,Calle Rodrigo De Rebolledo,Calle Salvador Minguijon-Calle Obispo Laplana,269,19-10-2015,259,"0,06050","0,05240","0,00810","3341,00000"
377,EA,Instalado,Anual,Calle Salvador Minguijon,Avenida Compromiso De Caspe-Calle Rodrigo De Rebolledo,270,19-10-2015,260,"0,05890","0,05100","0,01110","4584,00000"
378,EA,Instalado,Anual,Calle Doctor Iranzo,Calle Leopoldo Romeo-Calle Rodrigo De Rebolledo,268,19-10-2015,258,"0,05890","0,05110","0,01120","7388,00000"
379,EA,Instalado,Anual,Calle Monasterio Ntra. Sra. Del Pueyo,Calle Jose Sancho Arroyo-Avenida Compromiso De Caspe,266,19-10-2015,256,"0,05980","0,05080","0,00990","5132,00000"
380,EA,Instalado,Anual,Avenida Compromiso De Caspe,Calle Principe Baltasar Carlos-Calle Batalla De Pavia,267,19-10-2015,257,"0,06120","0,04850","0,00900","5312,00000"
381,EA,Instalado,Anual,Calle Doctor Iranzo,Avenida Compromiso De Caspe-Calle Batalla De Lepanto,434,21-10-2015,420,"0,06110","0,04910","0,00880","3193,00000"
382,EA,Instalado,Anual,Calle Batalla De Lepanto,Calle Jose Gascon Y Marin-Calle Doctor Iranzo,433,21-10-2015,419,"0,06090","0,05080","0,00830","1813,00000"
383,EA,Instalado,Anual,Avenida Camino De Las Torres,Puente De La Union-Calle Jorge Coci,264,19-10-2015,254,"0,06220","0,05240","0,00550","12420,00000"
384,EA,Instalado,Anual,Avenida Camino De Las Torres,Calle Jorge Coci-Puente La Union,265,19-10-2015,255,"0,05880","0,05120","0,01130","16721,00000"
385,EA,Instalado,Anual,Calle Jorge Coci,Calle Doctor J. Aznar Molina-Calle Mariano Alvira Lasierra,79,13-10-2015,75,"0,05980","0,05270","0,00900","6162,00000"
386,EA,Instalado,Anual,Calle Asalto,Calle Alonso V-Calle Francisco Cantin Y Gamboa,77,13-10-2015,73,"0,06200","0,05120","0,00640","7651,00000"
387,EA,Instalado,Anual,Calle Asalto,Calle Francisco Cantin Y Gamboa-Calle Alonso V,76,13-10-2015,72,"0,05940","0,05550","0,00810","7793,00000"
388,EA,Instalado,Anual,Calle Alonso V,Plaza Las Tenerias-Calle Asalto,74,13-10-2015,70,"0,06190","0,04990","0,00720","7543,00000"
389,EA,Instalado,Anual,Calle Monreal,Calle Reboleria-Paseo Echegaray Y Caballero,73,13-10-2015,69,"0,06010","0,05330","0,00820","9264,00000"
390,EA,Instalado,Anual,Puente Del Pilar,Paseo Echegaray Y Caballero-Avenida Puente Del Pilar,72,13-10-2015,68,"0,05760","0,05630","0,01040","13293,00000"
391,EA,Instalado,Anual,Puente Del Pilar,Avenida Puente Del Pilar-Paseo Echegaray Y Caballero,71,13-10-2015,67,"0,06240","0,04680","0,00790","7036,00000"
392,EA,Instalado,Anual,Paseo Echegaray Y Caballero,Calle Monreal-Puente Del Pilar,272,19-10-2015,262,"0,05880","0,05420","0,00960","12016,00000"
393,EA,Instalado,Anual,Paseo Echegaray Y Caballero,Puente Del Pilar-Calle Monreal,271,19-10-2015,261,"0,05990","0,05040","0,01000","5106,00000"
394,EA,Instalado,Anual,Paseo Echegaray Y Caballero,Puente Del Pilar-Calle Boteron,69,13-10-2015,65,"0,05800","0,05240","0,01170","11408,00000"
395,EA,Instalado,Anual,Paseo Echegaray Y Caballero,Calle Boteron-Puente Del Pilar,70,13-10-2015,66,"0,05990","0,05220","0,00900","11151,00000"
396,EA,Instalado,Anual,Calle Coso,Calle Jose Luzan-Plaza Las Tenerias,75,13-10-2015,71,"0,05700","0,05150","0,01380","8400,00000"
397,EA,Instalado,Anual,Calle San Vicente Paul,Paseo Echegaray Y Caballero-Calle Sepulcro,190,16-10-2015,181,"0,06010","0,05040","0,00960","11415,00000"
398,EA,Instalado,Anual,Calle Francisco Cantin Y Gamboa,Calle Torre-Calle Manuela Sancho,78,13-10-2015,74,"0,05920","0,05880","0,00680","1109,00000"
399,EA,Instalado,Anual,Calle San Vicente Paul,Calle Santo Dominguito Val-Calle Coso,89,13-10-2015,84,"0,06320","0,04620","0,00710","8164,00000"
400,EA,Instalado,Anual,Calle Coso,Calle Cadena-Calle Policarpo Romea,87,13-10-2015,83,"0,05910","0,05360","0,00960","11169,00000"
401,EA,Instalado,Anual,Calle Espartero,Plaza San Miguel-Calle Coso,85,,81,"0,06010","0,05010","0,00990","6928,00000"
402,EA,Instalado,Anual,Calle Espartero,Calle Coso-Plaza San Miguel,86,,82,"0,05760","0,05180","0,01270","5443,00000"
403,EA,Instalado,Anual,Calle Coso,Calle Josefa  Amar Y Borbon-Calle Jeronimo Blancas,28,,26,"0,05610","0,05230","0,01480","5179,00000"
404,EA,Instalado,Anual,Calle Coso,Calle Jeronimo Blancas-Calle Josefa  Amar Y Borbon,29,,27,"0,05890","0,05070","0,01130","4105,00000"
405,EA,Instalado,Anual,Paseo De La Mina,Calle Miguel Servet-Calle Jaime Balmes,90,13-10-2015,85,"0,06400","0,04380","0,00710","5618,00000"
406,EA,Instalado,Anual,Paseo De La Mina,Calle Jaime Balmes-Calle Miguel Servet,91,13-10-2015,86,"0,06220","0,05260","0,00530","7188,00000"
407,EA,Instalado,Anual,Calle Miguel Servet,Calle Asalto-Calle Coimbra,84,13-10-2015,80,"0,06080","0,04600","0,01080","6051,00000"
408,EA,Instalado,Anual,Calle Miguel Servet,Calle Coimbra-Calle Asalto,83,13-10-2015,79,"0,06170","0,04820","0,00840","6222,00000"
409,EA,Instalado,Anual,Calle Asalto,Calle Miguel Servet-Calle Heroismo,82,,78,"0,06120","0,05440","0,00610","6141,00000"
410,EA,Instalado,Anual,Calle Asalto,Calle Heroismo-Calle Miguel Servet,81,,77,"0,06500","0,04110","0,00700","5797,00000"
411,EA,Instalado,Anual,Avenida Camino De Las Torres,Calle Jorge Coci-Calle Miguel Servet,262,,252,"0,06440","0,04680","0,00500","9772,00000"
412,EA,Instalado,Anual,Avenida Camino De Las Torres,Calle Miguel Servet-Calle Jorge Coci,263,,253,"0,05890","0,05140","0,01100","19376,00000"
413,EA,Instalado,Anual,Avenida Camino De Las Torres,Calle Miguel Servet-Calle Amado Nervo,261,19-10-2015,251,"0,06350","0,04740","0,00600","11879,00000"
414,EA,Instalado,Anual,Avenida Camino De Las Torres,Calle Amado Nervo-Calle Miguel Servet,260,19-10-2015,250,"0,05960","0,05020","0,01060","16797,00000"
415,EA,Instalado,Anual,Calle Miguel Servet,Avenida San Jose-Avenida Camino De Las Torres,249,,239,"0,05940","0,04750","0,01210","7895,00000"
416,EA,Instalado,Anual,Calle Miguel Servet,Avenida Camino De Las Torres-Avenida San Jose,248,,238,"0,05830","0,05120","0,01200","6392,00000"
417,EA,Instalado,Anual,Avenida Compromiso De Caspe,Calle Joaquin Sanz Gadea-Calle Miguel Servet,257,19-10-2015,247,"0,06070","0,05150","0,00820","10274,00000"
418,EA,Instalado,Anual,Avenida Compromiso De Caspe,Calle Miguel Servet-Calle Joaquin Sanz Gadea,258,19-10-2015,248,"0,06130","0,04980","0,00810","1633,00000"
419,EA,Instalado,Anual,Calle Miguel Servet,Avenida San Jose-Calle Matadero,255,,245,"0,05960","0,05090","0,01010","5057,00000"
420,EA,Instalado,Anual,Calle Miguel Servet,Calle Matadero-Avenida San Jose,256,,246,"0,05920","0,05100","0,01070","2752,00000"
421,EA,Instalado,Anual,Calle Reina Fabiola,Calle Miguel Servet-Calle Amado Nervo,259,19-10-2015,249,"0,06200","0,04910","0,00750","4510,00000"
422,EA,Instalado,Anual,Avenida San Jose,Calle Miguel Servet-Calle Matadero,254,,244,"0,05880","0,05360","0,01000","7874,00000"
423,EA,Instalado,Anual,Avenida San Jose,Calle Matadero-Calle Miguel Servet,253,,243,"0,05940","0,05000","0,01090","6912,00000"
424,EA,Instalado,Anual,Calle Matadero,Calle Miguel Servet-Calle Monasterio De Poblet,478,23-10-2015,462,"0,05980","0,05510","0,00780","2168,00000"
425,EA,Instalado,Anual,Paseo Independencia,Calle Cinco De Marzo-Plaza Espana,27,,25,"0,05510","0,05860","0,01300","4327,00000"
426,EA,Instalado,Anual,Paseo Independencia,Plaza Espana-Calle Cinco De Marzo,26,,24,"0,05850","0,05020","0,01210","6035,00000"
427,EA,Instalado,Anual,Avenida Cesar Augusto,Calle Ramon Pignatelli-Calle Telesforo Peromarta,22,09-10-2015,21,"0,05900","0,04970","0,01160","5069,00000"
428,EA,Instalado,Anual,Avenida Cesar Augusto,Calle Telesforo Peromarta-Calle Ramon Pignatelli,23,13-10-2015,22,"0,05620","0,05080","0,01530","6366,00000"
429,EA,Instalado,Anual,Calle Conde De Aranda,Avenida Cesar Augusto-Calle San Martin,100,15-10-2015,92,"0,06090","0,04200","0,01270","8398,00000"
430,EA,Instalado,Anual,Calle Santiago Ramon Y Cajal,Calle Jose Camon Aznar-Calle Ramon Pignatelli,281,19-10-2015,271,"0,06050","0,04600","0,01130","1987,00000"
431,EA,Instalado,Anual,Calle Madre Rafols,Calle Doctor Fleming-Calle Santiago Ramon Y Cajal,21,09-10-2015,20,"0,06630","0,03800","0,00660","8420,00000"
432,EA,Instalado,Anual,Calle Manifestacion,Calle Francisco Loscos-Plaza El Justicia,191,16-10-2015,182,"0,06090","0,04680","0,01030","2711,00000"
433,EA,Instalado,Anual,Paseo Echegaray Y Caballero,Calle Florencio Jardiel-Calle Salduba,67,13-10-2015,63,"0,06060","0,04960","0,00930","7264,00000"
434,EA,Instalado,Anual,Paseo Echegaray Y Caballero,Calle Salduba-Calle Florencio Jardiel,68,13-10-2015,64,"0,06170","0,04910","0,00790","17319,00000"
435,EA,Instalado,Anual,Puente Santiago,Avenida De Los Pirineos-Paseo Echegaray Y Caballero,65,13-10-2015,61,"0,06240","0,04990","0,00640","9650,00000"
436,EA,Instalado,Anual,Puente Santiago,Paseo Echegaray Y Caballero-Avenida De Los Pirineos,66,13-10-2015,62,"0,06070","0,04610","0,01090","2913,00000"
437,EA,Instalado,Anual,Calle Predicadores,Calle Postigo Del Ebro-Plaza Santo Domingo,192,16-10-2015,183,"0,06100","0,04700","0,01000","3293,00000"
438,EA,Instalado,Anual,Puente De La Almozara,Avenida Ranillas-Plaza Europa,61,13-10-2015,59,"0,06090","0,05050","0,00830","28346,00000"
439,EA,Instalado,Anual,Puente De La Almozara,Plaza Europa-Avenida Ranillas,62,13-10-2015,60,"0,05930","0,04890","0,01160","23759,00000"
440,EA,Instalado,Anual,Avenida Pablo Gargallo,Rio Guadiana-Plaza Europa,58,13-10-2015,56,"0,05920","0,04960","0,01140","10578,00000"
441,EA,Instalado,Anual,Calle Santa Lucia,Plaza Europa-Calle La Salina,60,13-10-2015,58,"0,06300","0,04830","0,00640","5070,00000"
442,EA,Instalado,Anual,Calle De Los Diputados,Plaza Europa-Calle Aljaferia,495,23-10-2015,467,"0,06110","0,04980","0,00840","8338,00000"
443,EA,Instalado,Anual,Avenida La Almozara,Calle Batalla De Arapiles-Avenida Puerta De Sancho,399,21-10-2015,385,"0,06010","0,05080","0,00940","7969,00000"
444,EA,Instalado,Anual,Avenida Puerta De Sancho,Calle Batalla De Almansa-Avenida Pablo Gargallo,396,21-10-2015,382,"0,05930","0,05500","0,00850","5322,00000"
445,EA,Instalado,Anual,Avenida Puerta De Sancho,Avenida Pablo Gargallo-Calle Batalla De Almansa,395,21-10-2015,381,"0,05970","0,06030","0,00530","2699,00000"
446,EA,Instalado,Anual,Avenida Pablo Gargallo,Avenida Puerta De Sancho-Calle Bruselas,394,21-10-2015,380,"0,06060","0,05410","0,00710","2852,00000"
447,EA,Instalado,Anual,Avenida Pablo Gargallo,Calle Bruselas-Avenida Puerta De Sancho,393,21-10-2015,379,"0,05920","0,05900","0,00670","8139,00000"
448,EA,Instalado,Anual,Avenida Puerta De Sancho,Avenida Pablo Gargallo-Calle Rio Cinca,398,21-10-2015,384,"0,06010","0,05530","0,00720","3818,00000"
449,EA,Instalado,Anual,Avenida Puerta De Sancho,Calle Rio Cinca-Avenida Pablo Gargallo,397,21-10-2015,383,"0,05950","0,05420","0,00860","4398,00000"
450,EA,Instalado,Anual,Avenida Pablo Gargallo,Avenida Puerta De Sancho-Calle Batalla De Arapiles,392,21-10-2015,378,"0,05900","0,05400","0,00940","8366,00000"
451,EA,Instalado,Anual,Avenida Francia,Avenida Pablo Gargallo-Luxemburgo,364,20-10-2015,350,"0,06110","0,04950","0,00860","3710,00000"
452,EA,Instalado,Anual,Calle Berna,Luxemburgo-Avenida Pablo Gargallo,365,20-10-2015,351,"0,06110","0,04760","0,00960","1592,00000"
453,EA,Instalado,Anual,Avenida Puerta De Sancho,Avenida Ciudad De Soria-Calle Lago,557,27-10-2015,528,"0,06030","0,05580","0,00670","4270,00000"
454,EA,Instalado,Anual,Avenida Puerta De Sancho,Calle Lago-Avenida Ciudad De Soria,558,27-10-2015,529,"0,06060","0,04830","0,00990","4673,00000"
455,EA,Instalado,Anual,Calle Juan Bautista Del Mazo,Calle Ribagorza-Calle Santiago Dulong,389,21-10-2015,375,"0,05610","0,05700","0,01230","1312,00000"
456,EA,Instalado,Anual,Calle Braulio Foz,Calle Juan Bautista Del Mazo-Calle Reina Felicia,390,21-10-2015,376,"0,05790","0,06350","0,00640","1034,00000"
457,EA,Instalado,Anual,Calle Braulio Foz,Calle Reina Felicia-Calle Juan Bautista Del Mazo,391,21-10-2015,377,"0,05870","0,05650","0,00870","1882,00000"
458,EA,Instalado,Anual,Calle Reina Felicia,Calle Rio Cinca-Calle Villa De Hijar,179,16-10-2015,170,"0,05840","0,05370","0,01050","2042,00000"
459,EA,Instalado,Anual,Paseo Maria Agustin,Calle Conde De Aranda-Calle Basilio Boggiero,56,,54,"0,05860","0,05290","0,01060","28539,00000"
460,EA,Instalado,Anual,Calle Conde De Aranda,Plaza El Portillo-Paseo Maria Agustin,55,,53,"0,05640","0,05570","0,01260","11851,00000"
461,EA,Instalado,Anual,Paseo Maria Agustin,Avenida Madrid-Calle Marie Curie,52,,50,"0,06130","0,04920","0,00850","20121,00000"
462,EA,Instalado,Anual,Paseo Maria Agustin,Calle Marie Curie-Avenida Madrid,53,,51,"0,05940","0,05240","0,00960","14484,00000"
463,EA,Instalado,Anual,Calle Marie Curie,Paseo Maria Agustin-Plaza El Portillo,50,,48,"0,06150","0,04940","0,00800","1249,00000"
464,EA,Instalado,Anual,Calle Marie Curie,Plaza El Portillo-Paseo Maria Agustin,51,,49,"0,06200","0,04640","0,00880","1887,00000"
465,EA,Instalado,Anual,Avenida Madrid,Calle Fuenterrabia-San Jose M.Escriva,497,23-10-2015,469,"0,06080","0,04810","0,00980","15070,00000"
466,EA,Instalado,Anual,Avenida Madrid,San Jose M.Escriva-Calle Fuenterrabia,496,23-10-2015,468,"0,05870","0,04980","0,01210","13846,00000"
467,EA,Instalado,Anual,Avenida Ciudad De Soria,Calle Juan Xxiii-Avenida Madrid,500,23-10-2015,472,"0,06240","0,05190","0,00540","10836,00000"
468,EA,Instalado,Anual,Avenida Ciudad De Soria,Avenida Madrid-Calle Juan Xxiii,501,23-10-2015,473,"0,06210","0,04640","0,00860","12763,00000"
469,EA,Instalado,Anual,Avenida Madrid,San Jose M.Escriva-Calle Manuel Escoriaza Y Fabro,503,26-10-2015,475,"0,05760","0,05420","0,01150","16429,00000"
470,EA,Instalado,Anual,Avenida Madrid,Calle Manuel Escoriaza Y Fabro-San Jose M.Escriva,502,26-10-2015,474,"0,06120","0,04730","0,00950","19175,00000"
471,EA,Instalado,Anual,San Jose M.Escriva,Avenida Madrid-Avenida Jose Anselmo Clave,498,23-10-2015,470,"0,06310","0,04870","0,00600","12018,00000"
472,EA,Instalado,Anual,San Jose M.Escriva,Avenida Jose Anselmo Clave-Avenida Madrid,499,23-10-2015,471,"0,06060","0,04950","0,00940","13225,00000"
473,EA,Instalado,Anual,Calle Manuel Escoriaza Y Fabro,Calle Pablo Sarasate-Avenida Madrid,187,16-10-2015,178,"0,06150","0,04860","0,00840","4296,00000"
474,EA,Instalado,Anual,Calle Manuel Escoriaza Y Fabro,Avenida Madrid-Calle Pablo Sarasate,186,16-10-2015,177,"0,06350","0,04640","0,00660","1630,00000"
475,EA,Instalado,Anual,Paseo Maria Agustin,Calle Vicente Gomez Salvo-Calle General Mayandia,48,13-10-2015,46,"0,06230","0,04600","0,00860","12486,00000"
476,EA,Instalado,Anual,Paseo Maria Agustin,Calle General Mayandia-Calle Vicente Gomez Salvo,49,13-10-2015,47,"0,05960","0,05140","0,00990","31014,00000"
477,EA,Instalado,Anual,Calle General Mayandia,Avenida Jose Anselmo Clave-Calle Tomas Crespo De Aguero,47,13-10-2015,45,"0,06130","0,04970","0,00820","16450,00000"
478,EA,Instalado,Anual,Calle Arzobispo Anoa Del Busto,Avenida Navarra-Avenida Madrid,183,16-10-2015,174,"0,06100","0,04740","0,00990","7974,00000"
479,EA,Instalado,Anual,Avenida Madrid,Avenida Navarra-Calle Arzobispo Anoa Del Busto,184,16-10-2015,175,"0,05760","0,05450","0,01130","10543,00000"
480,EA,Instalado,Anual,Calle Ricardo Monterde,Calle Padre Manjon-Avenida Madrid,185,16-10-2015,176,"0,06030","0,04780","0,01060","1328,00000"
481,EA,Instalado,Anual,Avenida Navarra,Calle Arzobispo Anoa Del Busto-Avenida Madrid,181,16-10-2015,172,"0,06220","0,04810","0,00770","15302,00000"
482,EA,Instalado,Anual,Avenida Navarra,Avenida Madrid-Calle Arzobispo Anoa Del Busto,182,16-10-2015,173,"0,06020","0,05130","0,00910","6586,00000"
483,EA,Instalado,Anual,Calle Teodoro Iriarte Reinoso,Calle Santa Orosia-Calle Maria Callas,180,16-10-2015,171,"0,05980","0,05110","0,00980","5647,00000"
484,EA,Instalado,Anual,Paseo De Calanda,Calle San Antonio Abad-Avenida Madrid,290,,279,"0,06120","0,05110","0,00770","10002,00000"
485,EA,Instalado,Anual,Calle Graus,Calle Unceta-Paseo De Calanda,289,,278,"0,05900","0,05480","0,00900","2414,00000"
486,EA,Instalado,Anual,Calle Leon Torres Quevedo,Calle San Antonio Abad-Calle Marcos Zapata,413,21-10-2015,399,"0,06080","0,05430","0,00670","2196,00000"
487,EA,Instalado,Anual,Calle Arias,Calle Lastanosa-Calle San Antonio Abad,412,21-10-2015,398,"0,06040","0,05550","0,00660","2196,00000"
488,EA,Instalado,Anual,Avenida Madrid,Calle Arias-Calle Mariano Carderera,174,16-10-2015,165,"0,05540","0,05550","0,01410","11292,00000"
489,EA,Instalado,Anual,Calle Rioja,Calle Lastanosa-Calle Celso Emilio Ferreiro,175,16-10-2015,166,"0,05960","0,05000","0,01060","20723,00000"
490,EA,Instalado,Anual,Calle Rioja,Calle Celso Emilio Ferreiro-Calle Lastanosa,176,16-10-2015,167,"0,06130","0,05270","0,00670","12544,00000"
491,EA,Instalado,Anual,Calle Celso Emilio Ferreiro,Calle Nicanor Villalta-Calle Celanova,298,19-10-2015,287,"0,05850","0,05960","0,00750","2718,00000"
492,EA,Instalado,Anual,Calle Alfonso Carlos Comin Ros,Calle Celso Emilio Ferreiro-Murero,299,19-10-2015,288,"0,06040","0,05200","0,00840","2736,00000"
493,EA,Instalado,Anual,Avenida Navarra,Calle Biarritz-Calle Rioja,177,,168,"0,06260","0,04970","0,00630","18855,00000"
494,EA,Instalado,Anual,Avenida Navarra,Calle Rioja-Calle Biarritz,178,,169,"0,06210","0,04730","0,00810","12478,00000"
495,EA,Instalado,Anual,Calle Rioja,Avenida Ciudad De Soria-Avenida Navarra,552,26-10-2015,523,"0,06120","0,04930","0,00850","12080,00000"
496,EA,Instalado,Anual,Calle Rioja,Avenida Navarra-Avenida Ciudad De Soria,551,26-10-2015,522,"0,06130","0,04750","0,00930","15970,00000"
497,EA,Instalado,Anual,Calle Dr Julian Sanz Ibanez,Calle Pedro Alfonso-Calle Rioja,296,01-04-2016,285,"0,05870","0,05210","0,01090","4557,00000"
498,EA,Instalado,Anual,Avenida Madrid,Calle Rioja-Calle Pedro Alfonso,170,16-10-2015,161,"0,05610","0,05470","0,01350","13462,00000"
499,EA,Instalado,Anual,Via Universitas,Avenida Madrid-Calle San Rafael,172,,163,"0,06150","0,05190","0,00680","12801,00000"
500,EA,Instalado,Anual,Via Universitas,Calle San Rafael-Avenida Madrid,173,,164,"0,06030","0,04810","0,01050","14536,00000"
501,EA,Instalado,Anual,Calle Jose Pedro Perez Llorca,Avenida Navarra-Calle Miguel Roca I Junyent,553,26-10-2015,524,"0,06050","0,04770","0,01050","1944,00000"
502,EA,Instalado,Anual,Calle Miguel Herrero Y Rodriguez De Minon,Calle Miguel Roca I Junyent-Avenida Navarra,616,28-10-2015,583,"0,06160","0,05440","0,00550","7924,00000"
503,EA,Instalado,Anual,Calle Miguel Herrero Y Rodriguez De Minon,Avenida Navarra-Calle Miguel Roca I Junyent,615,28-10-2015,582,"0,05890","0,06180","0,00570","1688,00000"
504,EA,Instalado,Anual,Avenida Ciudad De Soria,Autovia Logrono-Calle Miguel Herrero Y Rodriguez De Minon,556,27-10-2015,527,"0,06400","0,04660","0,00560","15788,00000"
505,EA,Instalado,Anual,Avenida Ciudad De Soria,Avenida De La Expo 2008-Autovia Logrono,554,27-10-2015,525,"0,06030","0,04500","0,01210","16349,00000"
506,EA,Instalado,Anual,Avenida Ciudad De Soria,Avenida De La Expo 2008-Calle Miguel Herrero Y Rodriguez De Minon,555,27-10-2015,526,"0,06030","0,05830","0,00540","6037,00000"
507,EA,Instalado,Anual,Calle Don Pedro De Luna,Calle Duquesa Villahermosa-Calle Domingo Ram,148,15-10-2015,139,"0,06240","0,04720","0,00780","1421,00000"
508,EA,Instalado,Anual,Paseo De Calanda,Calle Batalla De Clavijo-Calle Duquesa Villahermosa,291,19-10-2015,280,"0,05990","0,04940","0,01040","10086,00000"
509,EA,Instalado,Anual,Calle Duquesa Villahermosa,Calle Jose Garcia Sanchez-Calle Franco Y Lopez,404,21-10-2015,390,"0,06140","0,05220","0,00680","7252,00000"
510,EA,Instalado,Anual,Calle Duquesa Villahermosa,Calle Franco Y Lopez-Calle Jose Garcia Sanchez,403,21-10-2015,389,"0,06320","0,04860","0,00580","9145,00000"
511,EA,Instalado,Anual,Calle Unceta,Calle Duquesa Villahermosa-Calle Batalla De Clavijo,147,15-10-2015,138,"0,05970","0,05120","0,00980","12036,00000"
512,EA,Instalado,Anual,Calle Duquesa Villahermosa,Plaza Roma-Calle Jose Garcia Sanchez,146,15-10-2015,137,"0,06140","0,05050","0,00770","9096,00000"
513,EA,Instalado,Anual,Calle Duquesa Villahermosa,Calle Jose Garcia Sanchez-Plaza Roma,145,15-10-2015,136,"0,06290","0,04840","0,00640","11327,00000"
514,EA,Instalado,Anual,Calle Desiderio Escosura,Plaza Roma-Calle Tarragona,285,19-10-2015,274,"0,06380","0,04660","0,00600","3967,00000"
515,EA,Instalado,Anual,Calle Santander,Plaza Roma-Calle Avila,142,15-10-2015,133,"0,06230","0,04890","0,00710","7309,00000"
516,EA,Instalado,Anual,Calle Santander,Calle Avila-Plaza Roma,143,15-10-2015,134,"0,06270","0,04770","0,00710","8846,00000"
517,EA,Instalado,Anual,Calle Vicente Berdusan,Calle Roman Izuzquiza-Plaza Roma,288,19-10-2015,277,"0,06350","0,04740","0,00600","3724,00000"
518,EA,Instalado,Anual,Calle Vicente Berdusan,Plaza Roma-Calle Roman Izuzquiza,287,19-10-2015,276,"0,06180","0,05390","0,00540","5552,00000"
519,EA,Instalado,Anual,Calle Italia,Calle Hermanos Pinzon-Plaza Roma,286,19-10-2015,275,"0,06110","0,05360","0,00660","2505,00000"
520,EA,Instalado,Anual,Calle Jose Garcia Sanchez,Calle Obispo Tajon-Calle Vidal De Canellas,144,15-10-2015,135,"0,06020","0,04950","0,00990","11086,00000"
521,EA,Instalado,Anual,Calle Manuel Escoriaza Y Fabro,Calle Burgos-Avenida Valencia,44,13-10-2015,42,"0,06270","0,04890","0,00650","10310,00000"
522,EA,Instalado,Anual,Avenida Jose Anselmo Clave,Paseo Teruel-Calle Santander,45,13-10-2015,43,"0,06140","0,04990","0,00790","16427,00000"
523,EA,Instalado,Anual,Avenida Valencia,Avenida Pintor Francisco Goya-Calle Lerida,402,21-10-2015,388,"0,06020","0,05300","0,00810","14628,00000"
524,EA,Instalado,Anual,Avenida Pintor Francisco Goya,Calle Antonio Canovas-Calle Carmen,401,21-10-2015,387,"0,06190","0,05110","0,00660","12790,00000"
525,EA,Instalado,Anual,Avenida Pintor Francisco Goya,Calle Carmen-Calle Antonio Canovas,400,21-10-2015,386,"0,06280","0,04890","0,00640","13382,00000"
526,EA,Instalado,Anual,Paseo Teruel,Calle Princesa-Avenida Pintor Francisco Goya,18,,17,"0,06150","0,05160","0,00700","11638,00000"
527,EA,Instalado,Anual,Calle Princesa,Calle Antonio Canovas-Paseo Teruel,277,19-10-2015,267,"0,05910","0,05850","0,00710","2670,00000"
528,EA,Instalado,Anual,Calle Carmen,Calle Princesa-Calle Hernan Cortes,46,13-10-2015,44,"0,06560","0,04290","0,00510","2820,00000"
529,EA,Instalado,Anual,Paseo Maria Agustin,Avenida Cesar Augusto-Calle Elvira De Hidalgo,14,09-10-2015,13,"0,06010","0,04900","0,01030","15763,00000"
530,EA,Instalado,Anual,Paseo Maria Agustin,Calle Elvira De Hidalgo-Avenida Cesar Augusto,15,09-10-2015,14,"0,06150","0,04840","0,00850","15828,00000"
531,EA,Instalado,Anual,Calle Hernan Cortes,Paseo Pamplona-Calle Francisco Pizarro,17,,16,"0,06050","0,04960","0,00940","9705,00000"
532,EA,Instalado,Anual,Calle Hernan Cortes,Calle Francisco Pizarro-Paseo Pamplona,16,,15,"0,06210","0,04460","0,00960","9210,00000"
533,EA,Instalado,Anual,Paseo Pamplona,Calle Hernan Cortes-Calle Almagro,10,,9,"0,06030","0,04810","0,01060","17900,00000"
534,EA,Instalado,Anual,Paseo Pamplona,Calle Almagro-Calle Hernan Cortes,11,,10,"0,06350","0,03850","0,01060","19410,00000"
535,EA,Instalado,Anual,Calle Canfranc,Avenida Cesar Augusto-Calle Bilbao,19,,18,"0,06810","0,03920","0,00330","1416,00000"
536,EA,Instalado,Anual,Avenida Cesar Augusto,Calle Jose Luis Albareda-Calle Canfranc,13,,12,"0,06030","0,04710","0,01100","9218,00000"
537,EA,Instalado,Anual,Avenida Cesar Augusto,Calle Canfranc-Calle Jose Luis Albareda,12,,11,"0,05940","0,04600","0,01300","8934,00000"
538,EA,Instalado,Anual,Calle Jose Luis Albareda,Calle Bilbao-Avenida Cesar Augusto,194,,184,"0,06190","0,05030","0,00690","3971,00000"
539,EA,Instalado,Anual,Calle Capitan Portoles,Avenida Cesar Augusto-Calle Azoque,20,09-10-2015,19,"0,06500","0,04370","0,00570","5106,00000"
540,EA,Instalado,Anual,Calle Bilbao,Calle Canfranc-Paseo Pamplona,195,,185,"0,06210","0,05110","0,00630","3634,00000"
541,EA,Instalado,Anual,Calle Doctor Cerrada,Calle Amado Laguna De Rins-Paseo Pamplona,9,,8,"0,06450","0,04310","0,00680","3159,00000"
542,EA,Instalado,Anual,Paseo Pamplona,Calle Doctor Cerrada-Plaza Basilio Paraiso,1,,0,"0,06180","0,04950","0,00750","24023,00000"
543,EA,Instalado,Anual,Paseo Pamplona,Plaza Basilio Paraiso-Calle Doctor Cerrada,2,,1,"0,06030","0,04990","0,00960","19250,00000"
544,EA,Instalado,Anual,Plaza De Aragon,Paseo Independencia-Plaza Basilio Paraiso,95,,90,"0,06160","0,04650","0,00940","4579,00000"
545,EA,Instalado,Anual,Plaza De Aragon,Plaza Basilio Paraiso-Paseo Independencia,94,,89,"0,06100","0,04730","0,00980","6804,00000"
546,EA,Instalado,Anual,Paseo Constitucion,Calle Arquitecto Yarza-Plaza Basilio Paraiso,3,,2,"0,06130","0,04770","0,00920","13306,00000"
547,EA,Instalado,Anual,Paseo Constitucion,Plaza Basilio Paraiso-Calle Arquitecto Yarza,4,,3,"0,06100","0,04950","0,00870","12592,00000"
548,EA,Instalado,Anual,Paseo Sagasta,Plaza Basilio Paraiso-Calle Leon Xiii,6,,5,"0,06160","0,05220","0,00660","12708,00000"
549,EA,Instalado,Anual,Paseo Sagasta,Calle Leon Xiii-Plaza Basilio Paraiso,5,,4,"0,06020","0,05010","0,00960","6925,00000"
550,EA,Instalado,Anual,Paseo Gran Via,Calle Arzobispo Domenech-Calle Mariano Royo Urieta,7,,6,"0,05710","0,05910","0,00980","4426,00000"
551,EA,Instalado,Anual,Paseo Gran Via,Calle Mariano Royo Urieta-Calle Arzobispo Domenech,8,,7,"0,06030","0,05280","0,00810","6491,00000"
552,EA,Instalado,Anual,Paseo De Las Damas,Calle San Ignacio De Loyola-Paseo Sagasta,36,,34,"0,06450","0,04720","0,00470","7984,00000"
553,EA,Instalado,Anual,Calle Leon Xiii,Paseo Sagasta-Paseo De Las Damas,37,,35,"0,06240","0,05280","0,00500","5094,00000"
554,EA,Instalado,Anual,Calle Pedro Maria Ric,Calle Leon Xiii-Calle San Ignacio De Loyola,196,16-10-2015,186,"0,06260","0,05190","0,00510","3310,00000"
555,EA,Instalado,Anual,Calle Leon Xiii,Calle Pedro Maria Ric-Calle Jose Maria Lacarra De Miguel,197,16-10-2015,187,"0,06190","0,05410","0,00500","4513,00000"
556,EA,Instalado,Anual,Calle Santa Joaquina De Vedruna,Calle San Vicente Martir-Calle Leon Xiii,198,16-10-2015,188,"0,06320","0,04790","0,00630","3108,00000"
557,EA,Instalado,Anual,Calle San Vicente Martir,Calle Maria Lostal-Calle Santa Joaquina De Vedruna,35,13-10-2015,33,"0,06290","0,04490","0,00820","2624,00000"
558,EA,Instalado,Anual,Avenida Cesareo Alierta,Paseo Constitucion-Calle San Vicente Martir,93,,88,"0,05980","0,05140","0,00970","13081,00000"
559,EA,Instalado,Anual,Paseo De La Mina,Calle Jose Canalejas-Paseo Constitucion,188,16-10-2015,179,"0,06440","0,04310","0,00690","5317,00000"
560,EA,Instalado,Anual,Paseo De La Mina,Paseo Constitucion-Calle Jose Canalejas,189,16-10-2015,180,"0,06230","0,05130","0,00590","6921,00000"
561,EA,Instalado,Anual,Calle Mefisto,Paseo Constitucion-Calle Jose Canalejas,25,13-10-2015,23,"0,06900","0,03700","0,00300","2016,00000"
562,EA,Instalado,Anual,Calle Leon Xiii,Calle Francisco De Vitoria-Paseo Constitucion,34,,32,"0,06090","0,05110","0,00820","4971,00000"
563,EA,Instalado,Anual,Paseo Constitucion,Calle San Ignacio De Loyola-Calle Leon Xiii,32,,30,"0,05950","0,05160","0,01000","10478,00000"
564,EA,Instalado,Anual,Paseo Constitucion,Calle Leon Xiii-Calle San Ignacio De Loyola,31,,29,"0,06260","0,04590","0,00820","13476,00000"
565,EA,Instalado,Anual,Calle Isaac Peral,Calle Joaquin Costa-Paseo Constitucion,30,,28,"0,06180","0,05240","0,00610","3883,00000"
566,EA,Instalado,Anual,Calle Joaquin Costa,Plaza Santa Engracia-Calle Isaac Peral,278,19-10-2015,268,"0,06700","0,04070","0,00420","2910,00000"
567,EA,Instalado,Anual,Calle San Ignacio De Loyola,Paseo Constitucion-Calle Arquitecto Yarza,33,,31,"0,06560","0,04590","0,00370","6325,00000"
568,EA,Instalado,Anual,Calle Mariano De Lagasca,Calle Arzobispo Domenech-Paseo Gran Via,200,,190,"0,06370","0,04890","0,00500","1728,00000"
569,EA,Instalado,Anual,Paseo De Las Damas,Calle San Vicente Martir-Calle Albert Schweitzer,199,16-10-2015,189,"0,05930","0,06380","0,00410","4769,00000"
570,EA,Instalado,Anual,Calle Maria De Aragon,Calle Colegiata De Bolea-Calle Belchite,435,21-10-2015,421,"0,06080","0,05220","0,00760","2771,00000"
571,EA,Instalado,Anual,Calle Fray Luis Urbano,Calle Tomas Higuera-Calle Petunia,436,21-10-2015,422,"0,06030","0,05120","0,00890","3656,00000"
572,EA,Instalado,Anual,Calle Padre Guillermo Jose Chaminade,Calle San Joaquin-Calle Miguel Servet,247,19-10-2015,237,"0,06150","0,04570","0,00990","840,00000"
573,EA,Instalado,Anual,Calle Francisco De Quevedo,Calle San Joaquin-Calle Miguel Servet,432,21-10-2015,418,"0,06250","0,04470","0,00880","6200,00000"
574,EA,Instalado,Anual,Calle Hermano Adolfo,Camino De Cabaldos-Calle Miguel Servet,252,19-10-2015,242,"0,06070","0,05060","0,00870","1990,00000"
575,EA,Instalado,Anual,Calle Privilegio De La Union,Calle Monasterio De Samos-Calle Santa Rosa,480,23-10-2015,464,"0,05930","0,05320","0,00950","2526,00000"
576,EA,Instalado,Anual,Avenida Cesareo Alierta,Calle Uncastillo-Avenida San Jose,650,,584,"0,06110","0,05100","0,00790","4661,00000"
577,EA,Instalado,Anual,Avenida Cesareo Alierta,Calle Uncastillo-Avenida San Jose,250,,240,"0,05940","0,04980","0,01110","7287,00000"
578,EA,Instalado,Anual,Avenida Cesareo Alierta,Avenida San Jose-Calle Uncastillo,251,,241,"0,06320","0,04580","0,00730","7736,00000"
579,EA,Instalado,Anual,Avenida Cesareo Alierta,Avenida San Jose-Calle Uncastillo,651,,585,"0,06330","0,04360","0,00820","3166,00000"
580,EA,Instalado,Anual,Avenida San Jose,Calle Emilio Castelar-Avenida Cesareo Alierta,423,21-10-2015,409,"0,06090","0,05440","0,00640","10982,00000"
581,EA,Instalado,Anual,Avenida San Jose,Avenida Cesareo Alierta-Calle Emilio Castelar,422,21-10-2015,408,"0,06040","0,04990","0,00950","8818,00000"
582,EA,Instalado,Anual,Calle Emilio Castelar,Calle Mor De Fuentes-Calle Conde De Sastago,479,23-10-2015,463,"0,05700","0,06180","0,00860","916,00000"
583,EA,Instalado,Anual,Avenida Cesareo Alierta,Calle Mor De Fuentes-Avenida San Jose,275,,265,"0,06200","0,03830","0,01290","13834,00000"
584,EA,Instalado,Anual,Avenida Cesareo Alierta,Avenida San Jose-Calle Mor De Fuentes,276,,266,"0,05910","0,02900","0,02180","14850,00000"
585,EA,Instalado,Anual,Paseo De Los Rosales,Avenida Camino De Las Torres-Calle Uncastillo,427,21-10-2015,413,"0,06130","0,05370","0,00620","5177,00000"
586,EA,Instalado,Anual,Paseo De Los Rosales,Calle Uncastillo-Avenida Camino De Las Torres,428,21-10-2015,414,"0,06550","0,04260","0,00550","4691,00000"
587,EA,Instalado,Anual,Calle Uncastillo,Paseo De Los Rosales-Avenida Tenor Fleta,431,21-10-2015,417,"0,06490","0,04480","0,00520","1640,00000"
588,EA,Instalado,Anual,Calle Uncastillo,Avenida Tenor Fleta-Paseo De Los Rosales,430,21-10-2015,416,"0,06310","0,04780","0,00650","4295,00000"
589,EA,Instalado,Anual,Avenida Camino De Las Torres,Calle Ana Isabel Herrero-Avenida Tenor Fleta,208,16-10-2015,198,"0,06210","0,05060","0,00660","16701,00000"
590,EA,Instalado,Anual,Avenida Camino De Las Torres,Avenida Tenor Fleta-Calle Ana Isabel Herrero,209,16-10-2015,199,"0,06010","0,05050","0,00960","20167,00000"
591,EA,Instalado,Anual,Calle Cristobal Colon,Avenida Tenor Fleta-Avenida Camino De Las Torres,205,16-10-2015,195,"0,06350","0,04900","0,00520","2872,00000"
592,EA,Instalado,Anual,Avenida Camino De Las Torres,Calle Cristobal Colon-Paseo Sagasta,206,16-10-2015,196,"0,06070","0,05180","0,00800","16481,00000"
593,EA,Instalado,Anual,Avenida Camino De Las Torres,Paseo Sagasta-Calle Cristobal Colon,207,16-10-2015,197,"0,05830","0,05260","0,01120","18221,00000"
594,EA,Instalado,Anual,Calle Maestro Marquina,Calle Juan Pablo Bonet-Calle Vasconia,214,16-10-2015,204,"0,06230","0,05260","0,00530","3304,00000"
595,EA,Instalado,Anual,Calle Juan Pablo Bonet,Calle Anselmo Gascon De Gotor-Calle Vasconia,216,16-10-2015,206,"0,05970","0,05300","0,00890","13717,00000"
596,EA,Instalado,Anual,Calle Juan Pablo Bonet,Calle Vasconia-Calle Anselmo Gascon De Gotor,215,16-10-2015,205,"0,05780","0,05390","0,01130","17021,00000"
597,EA,Instalado,Anual,Paseo Sagasta,Avenida Camino De Las Torres-Calle Maria Moliner,212,16-10-2015,202,"0,05930","0,05630","0,00790","8793,00000"
598,EA,Instalado,Anual,Paseo Sagasta,Calle Maria Moliner-Avenida Camino De Las Torres,211,16-10-2015,201,"0,06210","0,04700","0,00830","13143,00000"
599,EA,Instalado,Anual,Calle Maria Moliner,Paseo Sagasta-Calle Monasterio De Rueda,210,16-10-2015,200,"0,06240","0,05140","0,00580","4150,00000"
600,EA,Instalado,Anual,Calle Anselmo Gascon De Gotor,Calle Juan Pablo Bonet-Calle Sevilla,213,16-10-2015,203,"0,06190","0,05060","0,00690","4810,00000"
601,EA,Instalado,Anual,Avenida Tenor Fleta,Calle Domingo Lobera-Avenida San Jose,420,21-10-2015,406,"0,06020","0,05470","0,00740","8838,00000"
602,EA,Instalado,Anual,Avenida Tenor Fleta,Avenida San Jose-Calle Domingo Lobera,421,21-10-2015,407,"0,06210","0,04720","0,00820","5633,00000"
603,EA,Instalado,Anual,Avenida San Jose,Avenida Tenor Fleta-Calle Jose Pellicer,240,19-10-2015,230,"0,05910","0,05610","0,00830","15360,00000"
604,EA,Instalado,Anual,Avenida San Jose,Calle Jose Pellicer-Avenida Tenor Fleta,239,19-10-2015,229,"0,05780","0,04820","0,01410","871,00000"
605,EA,Instalado,Anual,Avenida Tenor Fleta,Avenida San Jose-Camino Puente Virrey,241,,231,"0,06090","0,05060","0,00830","4975,00000"
606,EA,Instalado,Anual,Avenida Tenor Fleta,Camino Puente Virrey-Avenida San Jose,242,,232,"0,06400","0,04290","0,00760","2703,00000"
607,EA,Instalado,Anual,Avenida Cesareo Alierta,Ronda Hispanidad-Calle La Puebla De Hijar,442,22-10-2015,428,"0,06100","0,05390","0,00660","20800,00000"
608,EA,Instalado,Anual,Avenida Cesareo Alierta,Calle La Puebla De Hijar-Ronda Hispanidad,441,22-10-2015,427,"0,05850","0,04860","0,01300","13734,00000"
609,EA,Instalado,Anual,Calle Miguel Servet,Ronda Hispanidad-Carretera Castellon,245,19-10-2015,235,"0,05680","0,04230","0,01870","17778,00000"
610,EA,Instalado,Anual,Calle Miguel Servet,Carretera Castellon-Ronda Hispanidad,246,19-10-2015,236,"0,06230","0,04410","0,00950","18616,00000"
611,EA,Instalado,Anual,Calle Doce De Octubre,Avenida San Jose-Calle Joaquin Sorolla,238,19-10-2015,228,"0,05690","0,05880","0,01020","3114,00000"
612,EA,Instalado,Anual,Calle Federico Garcia Lorca,Calle Joaquin Sorolla-Avenida San Jose,461,23-10-2015,446,"0,06140","0,04790","0,00900","1757,00000"
613,EA,Instalado,Anual,Calle Lapuyade,Calle Genova-Paseo De Cuellar,229,16-10-2015,219,"0,06250","0,04550","0,00850","4074,00000"
614,EA,Instalado,Anual,Via San Fernando,Paseo De Cuellar-Calle Baron De La Linde,230,16-10-2015,220,"0,06090","0,04890","0,00920","2199,00000"
615,EA,Instalado,Anual,Paseo De Cuellar,Paseo Del Canal-Via San Fernando,227,16-10-2015,217,"0,06070","0,05090","0,00850","11781,00000"
616,EA,Instalado,Anual,Paseo De Cuellar,Via San Fernando-Paseo Del Canal,228,16-10-2015,218,"0,05950","0,05510","0,00820","8492,00000"
617,EA,Instalado,Anual,Paseo De Colon,Paseo De Cuellar-Calle Fray Julian Garas,221,16-10-2015,211,"0,06220","0,04860","0,00740","7937,00000"
618,EA,Instalado,Anual,Via Ramon Pignatelli,Calle Juan Aguas-Avenida America,222,16-10-2015,212,"0,05990","0,05640","0,00700","5797,00000"
619,EA,Instalado,Anual,Avenida San Jose,Calle Sancho Lezcano-Paseo Del Canal,424,21-10-2015,410,"0,06010","0,05260","0,00860","10592,00000"
620,EA,Instalado,Anual,Avenida San Jose,Paseo Del Canal-Calle Sancho Lezcano,425,21-10-2015,411,"0,06100","0,05140","0,00780","492,00000"
621,EA,Instalado,Anual,Paseo Del Canal,Avenida San Jose-Paseo De Cuellar,225,16-10-2015,215,"0,06230","0,04710","0,00800","8261,00000"
622,EA,Instalado,Anual,Paseo Del Canal,Paseo De Cuellar-Avenida San Jose,226,16-10-2015,216,"0,05960","0,05730","0,00690","4103,00000"
623,EA,Instalado,Anual,Avenida America,Via Ramon Pignatelli-Calle Venecia,223,16-10-2015,213,"0,06100","0,05040","0,00830","7900,00000"
624,EA,Instalado,Anual,Avenida America,Calle Venecia-Via Ramon Pignatelli,224,16-10-2015,214,"0,06050","0,05130","0,00870","11791,00000"
625,EA,Instalado,Anual,Calle Lasierra Purroy,Calle Dr. Pascual Oliver-Calle Sancho Ramirez,231,16-10-2015,221,"0,06020","0,05280","0,00840","2551,00000"
626,EA,Instalado,Anual,Calle Honorio Garcia Condoy,Calle Sancho Ramirez-Calle Dr. Pascual Oliver,426,21-10-2015,412,"0,05770","0,05810","0,00930","3107,00000"
627,EA,Instalado,Anual,Avenida America,Calle J.F. Andres De Uztarroz-Plaza De Las Canteras,232,16-10-2015,222,"0,06130","0,04990","0,00810","11634,00000"
628,EA,Instalado,Anual,Calle Fray Julian Garces,Calle Esperanza-Calle Doctor Nicasio Mariscal,233,16-10-2015,223,"0,06040","0,04770","0,01050","11500,00000"
629,EA,Instalado,Anual,Villa De Anso,Calle Fray Julian Garces-Avenida America,234,19-10-2015,224,"0,05900","0,05250","0,01030","4228,00000"
630,EA,Instalado,Anual,Calle La Coruna,Avenida America-Calle Lasierra Purroy,235,19-10-2015,225,"0,05760","0,05870","0,00930","3164,00000"
631,EA,Instalado,Anual,Calle Lasierra Purroy,Calle Pontevedra-Calle Hnos. Gimeno Vizarra,452,22-10-2015,438,"0,05820","0,06200","0,00680","2810,00000"
632,EA,Instalado,Anual,Calle Gabriel Gombao,Calle Las Palmas-Calle Gil Tarin,454,23-10-2015,439,"0,05780","0,05440","0,01110","5890,00000"
633,EA,Instalado,Anual,Rotonda Villa De Pau,Paseo Del Canal-Calle Lucas Mallada,236,19-10-2015,226,"0,05510","0,06340","0,01070","4752,00000"
634,EA,Instalado,Anual,Rotonda Villa De Pau,Calle Lucas Mallada-Paseo Del Canal,237,19-10-2015,227,"0,06130","0,04970","0,00820","3482,00000"
635,EA,Instalado,Anual,Ronda Hispanidad,Ronda Hispanidad,591,04-11-2015,558,"0,06340","0,04740","0,00610","9386,00000"
636,EA,Instalado,Anual,Ronda Hispanidad,Ronda Hispanidad-,592,04-11-2015,559,"0,06090","0,03890","0,01430","10319,00000"
637,EA,Instalado,Anual,Calle Zafiro,Ronda Hispanidad-Calle Rocio,585,27-10-2015,552,"0,05690","0,06550","0,00680","6894,00000"
638,EA,Instalado,Anual,Calle Zafiro,Calle Rocio-Ronda Hispanidad,586,27-10-2015,553,"0,05840","0,04910","0,01290","7240,00000"
639,EA,Instalado,Anual,Avenida De La Policia Local,Ronda Hispanidad-Giovanni B. Piranesi,588,27-10-2015,555,"0,06060","0,05550","0,00630","13135,00000"
640,EA,Instalado,Anual,Tiziano,Giovanni B. Piranesi-Ronda Hispanidad,587,27-10-2015,554,"0,05430","0,07410","0,00660","13174,00000"
641,EA,Instalado,Anual,Paseo Duque De Alba,Sarrion-Calle Fray Julian Garces,449,22-10-2015,435,"0,06620","0,04240","0,00460","3300,00000"
642,EA,Instalado,Anual,Paseo Duque De Alba,Calle Fray Julian Garces-Sarrion,448,22-10-2015,434,"0,06160","0,04850","0,00830","3404,00000"
643,EA,Instalado,Anual,Calle Cuarta Avenida,Calle Esmeralda-Calle Pensamiento,460,,445,"0,05700","0,05720","0,01090","350,00000"
644,EA,Instalado,Anual,Calle Cuarta Avenida,Calle Pensamiento-Calle Esmeralda,459,,444,"0,05830","0,05000","0,01250","2765,00000"
645,EA,Instalado,Anual,Calle Oviedo,Calle San Antonio De Padua-Calle Faustino Casamayor,458,23-10-2015,443,"0,05750","0,05820","0,00960","2740,00000"
646,EA,Instalado,Anual,Calle Tte.Coronel Leon Moyano,Calle San Antonio De Padua-Calle Padre Elias Limonar,457,23-10-2015,442,"0,05700","0,06270","0,00810","1463,00000"
647,EA,Instalado,Anual,Calle San Antonio De Padua,Calle Tte.Coronel Leon Moyano-Calle San Viator,456,23-10-2015,441,"0,05870","0,05950","0,00720","4650,00000"
648,EA,Instalado,Anual,Calle San Viator,Calle San Antonio De Padua-Calle Salud,455,,440,"0,05530","0,05850","0,01280","4871,00000"
649,EA,Instalado,Anual,Calle Ruiz Tapiador,Calle Venecia-Via Ramon Pignatelli,451,22-10-2015,437,"0,06490","0,04200","0,00660","3639,00000"
650,EA,Instalado,Anual,Paseo Mariano Renovales,Calle Arzobispo Casimiro Morcillo-Calle Julio Cejador Frauca,220,16-10-2015,210,"0,06140","0,05610","0,00480","9672,00000"
651,EA,Instalado,Anual,Paseo Mariano Renovales,Calle Julio Cejador Frauca-Calle Arzobispo Casimiro Morcillo,219,16-10-2015,209,"0,06370","0,04520","0,00690","5392,00000"
652,EA,Instalado,Anual,Paseo Ruisenores,Calle Maestro Estremiana-Calle Fernando De Antequera,217,16-10-2015,207,"0,06420","0,04870","0,00430","6284,00000"
653,EA,Instalado,Anual,Calle Arzobispo Casimiro Morcillo,Calle Fray Luis Amigo-Paseo Mariano Renovales,218,16-10-2015,208,"0,06170","0,05420","0,00540","4028,00000"
654,EA,Instalado,Anual,Paseo Sagasta,Avenida Pintor Francisco Goya-Calle Jose Moncasi,203,16-10-2015,193,"0,05920","0,05470","0,00880","9664,00000"
655,EA,Instalado,Anual,Paseo Sagasta,Calle Jose Moncasi-Avenida Pintor Francisco Goya,204,16-10-2015,194,"0,06180","0,04770","0,00840","11145,00000"
656,EA,Instalado,Anual,Paseo Sagasta,Calle Bolonia-Calle La Paz,39,13-10-2015,37,"0,05890","0,05460","0,00930","8463,00000"
657,EA,Instalado,Anual,Paseo Sagasta,Calle La Paz-Calle Bolonia,38,13-10-2015,36,"0,06190","0,04590","0,00920","8443,00000"
658,EA,Instalado,Anual,Avenida Tenor Fleta,Paseo Sagasta-Calle Heroes Del Silencio,244,19-10-2015,234,"0,06000","0,05500","0,00740","7121,00000"
659,EA,Instalado,Anual,Avenida Tenor Fleta,Calle Heroes Del Silencio-Paseo Sagasta,243,19-10-2015,233,"0,06070","0,05080","0,00860","9068,00000"
660,EA,Instalado,Anual,Avenida Pintor Francisco Goya,Calle Perpetuo Socorro-Calle Arzobispo Domenech,201,,191,"0,06140","0,04830","0,00870","11476,00000"
661,EA,Instalado,Anual,Avenida Pintor Francisco Goya,Calle Arzobispo Domenech-Calle Perpetuo Socorro,202,,192,"0,06020","0,05620","0,00660","12541,00000"
662,EA,Instalado,Anual,Calle Martin Ruizanglada,Calle Juan Jose Rivas-Avenida Pintor Francisco Goya,417,21-10-2015,403,"0,06410","0,05010","0,00380","2006,00000"
663,EA,Instalado,Anual,Paseo Gran Via,Avenida Pintor Francisco Goya-Calle Martin Ruizanglada,40,13-10-2015,38,"0,05950","0,04860","0,01150","4923,00000"
664,EA,Instalado,Anual,Paseo Gran Via,Calle Martin Ruizanglada-Avenida Pintor Francisco Goya,41,13-10-2015,39,"0,05520","0,05550","0,01450","5752,00000"
665,EA,Instalado,Anual,Avenida Pintor Francisco Goya,Paseo Fernando Catolico-Calle Baltasar Gracian,43,13-10-2015,41,"0,05990","0,05220","0,00900","14099,00000"
666,EA,Instalado,Anual,Avenida Pintor Francisco Goya,Calle Baltasar Gracian-Paseo Fernando Catolico,42,13-10-2015,40,"0,06070","0,05160","0,00820","11846,00000"
667,EA,Instalado,Anual,Paseo Fernando Catolico,Avenida Pintor Francisco Goya-Calle Mariano Barbasan,284,19-10-2015,273,"0,05750","0,05160","0,01290","7054,00000"
668,EA,Instalado,Anual,Paseo Fernando Catolico,Calle Mariano Barbasan-Avenida Pintor Francisco Goya,283,19-10-2015,272,"0,06210","0,04130","0,01120","5572,00000"
669,EA,Instalado,Anual,Calle Cortes De Aragon,Calle Luis Lopez Allue-Avenida Pintor Francisco Goya,101,15-10-2015,93,"0,06150","0,04870","0,00840","10268,00000"
670,EA,Instalado,Anual,Calle Mariano Barbasan,Calle Felix Latassa-Paseo Fernando Catolico,103,15-10-2015,95,"0,05880","0,05290","0,01040","13362,00000"
671,EA,Instalado,Anual,Calle Maestro Tomas Breton,Paseo Fernando Catolico-Calle Baltasar Gracian,102,15-10-2015,94,"0,05810","0,05370","0,01100","14408,00000"
672,EA,Instalado,Anual,Paseo Fernando Catolico,Calle Mariano Barbasan-Calle San Juan De La Cruz,105,15-10-2015,97,"0,05880","0,05020","0,01170","5238,00000"
673,EA,Instalado,Anual,Paseo Fernando Catolico,Calle San Juan De La Cruz-Calle Mariano Barbasan,104,15-10-2015,96,"0,06100","0,04830","0,00940","5106,00000"
674,EA,Instalado,Anual,Calle San Juan De La Cruz,Calle Felix Latassa-Calle Santa Teresa De Jesus,106,15-10-2015,98,"0,05800","0,05100","0,01250","15786,00000"
675,EA,Instalado,Anual,Calle Corona De Aragon,Calle Baltasar Gracian-Paseo Fernando Catolico,107,15-10-2015,99,"0,06130","0,04180","0,01220","14406,00000"
676,EA,Instalado,Anual,Calle Felix Latassa,Calle San Juan De La Cruz-Calle Mariano Barbasan,416,21-10-2015,402,"0,06010","0,05140","0,00910","3193,00000"
677,EA,Instalado,Anual,Calle Santa Teresa De Jesus,Calle Mariano Barbasan-Calle San Juan De La Cruz,415,21-10-2015,401,"0,06260","0,05020","0,00600","3672,00000"
678,EA,Instalado,Anual,Paseo Fernando Catolico,Calle Andres Gimenez Soler-Plaza San Francisco,110,15-10-2015,102,"0,06090","0,04800","0,00970","7267,00000"
679,EA,Instalado,Anual,Paseo Fernando Catolico,Plaza San Francisco-Calle Andres Gimenez Soler,109,15-10-2015,101,"0,05870","0,05040","0,01170","6610,00000"
680,EA,Instalado,Anual,Calle Luis Vives,Calle Andres Piquer-Paseo Fernando Catolico,112,15-10-2015,104,"0,06270","0,04840","0,00680","12722,00000"
681,EA,Instalado,Anual,Calle Manuel Serrano Sanz,Paseo Fernando Catolico-Calle Arzobispo Apaolaza,111,15-10-2015,103,"0,06250","0,04850","0,00700","6859,00000"
682,EA,Instalado,Anual,Calle Manuel Lasala,Paseo Fernando Catolico-Calle Luis Vives,113,15-10-2015,105,"0,06080","0,05620","0,00560","15350,00000"
683,EA,Instalado,Anual,Paseo Fernando Catolico,Plaza Emperador Carlos-Calle Luis Vives,114,15-10-2015,106,"0,06300","0,04770","0,00670","6933,00000"
684,EA,Instalado,Anual,Paseo Fernando Catolico,Calle Luis Vives-Plaza Emperador Carlos,115,15-10-2015,107,"0,06190","0,05020","0,00700","12957,00000"
685,EA,Instalado,Anual,Paseo Isabel Catolica,Plaza Emperador Carlos-Calle Luis Bermejo,117,15-10-2015,109,"0,06280","0,04900","0,00620","13004,00000"
686,EA,Instalado,Anual,Paseo Isabel Catolica,Calle Luis Bermejo-Plaza Emperador Carlos,116,15-10-2015,108,"0,06170","0,05280","0,00600","13713,00000"
687,EA,Instalado,Anual,Calle Pedro Cerbuna,Plaza Emperador Carlos-Calle Manuel Serrano Sanz,108,15-10-2015,100,"0,06570","0,04580","0,00360","4213,00000"
688,EA,Instalado,Anual,Calle Violante De Hungria,Calle Eduardo Ibarra-Calle Pedro Cerbuna,118,,110,"0,06320","0,04950","0,00550","13201,00000"
689,EA,Instalado,Anual,Calle Violante De Hungria,Calle Pedro Cerbuna-Calle Eduardo Ibarra,119,,111,"0,06180","0,05290","0,00590","4212,00000"
690,EA,Instalado,Anual,Calle Jerusalen,Calle Eduardo Ibarra-Paseo Isabel Catolica,121,,112,"0,06460","0,04870","0,00380","4635,00000"
691,EA,Instalado,Anual,Calle Pedro Iv Ceremonioso,Paseo Isabel Catolica-Calle Juan Ii De Aragon,124,15-10-2015,115,"0,06620","0,04430","0,00360","1962,00000"
692,EA,Instalado,Anual,Calle Pedro Iv Ceremonioso,Calle Juan Ii De Aragon-Paseo Isabel Catolica,125,15-10-2015,116,"0,06790","0,03950","0,00350","1405,00000"
693,EA,Instalado,Anual,Calle Vazquez De Mella,Calle Padre Arrupe-Paseo Isabel Catolica,419,21-10-2015,405,"0,06840","0,03880","0,00310","4599,00000"
694,EA,Instalado,Anual,Via Hispanidad,Calle Miguel Asin Y Palacios-Paseo Isabel Catolica,128,15-10-2015,119,"0,06280","0,04690","0,00730","15144,00000"
695,EA,Instalado,Anual,Via Hispanidad,Paseo Isabel Catolica-Calle Miguel Asin Y Palacios,129,15-10-2015,120,"0,06270","0,05070","0,00560","15174,00000"
696,EA,Instalado,Anual,Calle La Via,Calle Las Misiones-Via Hispanidad,382,21-10-2015,368,"0,06350","0,04720","0,00610","6149,00000"
697,EA,Instalado,Anual,Calle Tomas Gabasa Garralaga,Via Hispanidad-Calle Las Misiones,383,21-10-2015,369,"0,06270","0,04850","0,00670","3310,00000"
698,EA,Instalado,Anual,Calle Condes De Aragon,Calle Pedro Iv Ceremonioso-Via Hispanidad,127,,118,"0,06430","0,04410","0,00650","6992,00000"
699,EA,Instalado,Anual,Calle Miguel Asin Y Palacios,Calle Pedro Iv Ceremonioso-Calle Pedro Iii El Grande,126,15-10-2015,117,"0,06500","0,04580","0,00460","7306,00000"
700,EA,Instalado,Anual,Via Iberica,Via Hispanidad-Calle Escuela,130,15-10-2015,121,"0,06120","0,05130","0,00750","10424,00000"
701,EA,Instalado,Anual,Via Iberica,Calle Escuela-Via Hispanidad,131,15-10-2015,122,"0,06440","0,04680","0,00500","13331,00000"
702,EA,Instalado,Anual,Calle Embarcadero,Calle La Via-Via Iberica,384,21-10-2015,370,"0,06300","0,04630","0,00730","4286,00000"
703,EA,Instalado,Anual,Paseo Reyes De Aragon,Paseo De Colon-Via Iberica,132,15-10-2015,123,"0,06420","0,04750","0,00500","4418,00000"
704,EA,Instalado,Anual,Paseo Infantes Espana,Via Iberica-Paseo De Colon,133,15-10-2015,124,"0,06720","0,04070","0,00390","2978,00000"
705,EA,Instalado,Anual,Calle Sagrada Familia,Calle Marcelino Alvarez-Calle Gaston De Bearne,385,21-10-2015,371,"0,06650","0,04290","0,00380","3120,00000"
706,EA,Instalado,Anual,Calle Sagrada Familia,Calle Gaston De Bearne-Calle Marcelino Alvarez,386,21-10-2015,372,"0,06290","0,04790","0,00670","4424,00000"
707,EA,Instalado,Anual,Calle Argualas,Calle Foratata-Via Iberica,388,,374,"0,06430","0,04860","0,00420","2559,00000"
708,EA,Instalado,Anual,Calle Argualas,Via Iberica-Calle Foratata,387,,373,"0,06460","0,04320","0,00640","4632,00000"
709,EA,Instalado,Anual,Via Iberica,Calle Argualas-Calle Alcalde Gomez Laguna,532,,504,"0,05400","0,06730","0,01030","8058,00000"
710,EA,Instalado,Anual,Via Iberica,Calle Alcalde Gomez Laguna-Calle Argualas,533,,505,"0,06620","0,03890","0,00630","11580,00000"
711,EA,Instalado,Anual,Calle Alcalde Gomez Laguna,Calle Belle Epoque-Via Iberica,535,,507,"0,06200","0,04180","0,01110","5032,00000"
712,EA,Instalado,Anual,Calle Alcalde Gomez Laguna,Via Iberica-Calle Belle Epoque,534,,506,"0,06040","0,05890","0,00490","3761,00000"
713,EA,Instalado,Anual,Carretera Valencia,Calle Alcalde Gomez Laguna-Avenida Casablanca,530,26-10-2015,502,"0,06010","0,04650","0,01170","7161,00000"
714,EA,Instalado,Anual,Carretera Valencia,Avenida Casablanca-Calle Alcalde Gomez Laguna,531,26-10-2015,503,"0,06620","0,04050","0,00540","9701,00000"
715,EA,Instalado,Anual,Avenida Casablanca,Carretera Valencia-Calle La Prima Angelica,529,26-10-2015,501,"0,06110","0,05470","0,00610","5835,00000"
716,EA,Instalado,Anual,Avenida Casablanca,Calle La Prima Angelica-Carretera Valencia,528,26-10-2015,500,"0,06460","0,04010","0,00810","4667,00000"
717,EA,Instalado,Anual,Carretera Valencia,Avenida Casablanca-Carretera Valencia,527,26-10-2015,499,"0,06010","0,04210","0,01390","7040,00000"
718,EA,Instalado,Anual,Carretera Valencia,Carretera Valencia-Avenida Casablanca,526,26-10-2015,498,"0,06710","0,03940","0,00470","10489,00000"
719,EA,Instalado,Anual,Avenida Septimo Arte,Avenida Casablanca-,541,26-10-2015,512,"0,06160","0,03980","0,01270","16664,00000"
720,EA,Instalado,Anual,Avenida Septimo Arte,Avenida Casablanca,542,26-10-2015,513,"0,06010","0,05820","0,00580","15346,00000"
721,EA,Instalado,Anual,Avenida Casablanca,Rio Bravo-Avenida Septimo Arte,540,26-10-2015,511,"0,06190","0,04120","0,01160","4056,00000"
722,EA,Instalado,Anual,Avenida Casablanca,Avenida Septimo Arte-Rio Bravo,539,26-10-2015,510,"0,05580","0,06980","0,00630","6465,00000"
723,EA,Instalado,Anual,Avenida Septimo Arte,Calle Un Americano En Paris-Avenida Casablanca,538,26-10-2015,509,"0,05850","0,05010","0,01210","9349,00000"
724,EA,Instalado,Anual,Avenida Septimo Arte,Avenida Casablanca-Calle Un Americano En Paris,537,26-10-2015,508,"0,06290","0,05030","0,00550","9306,00000"
725,EA,Instalado,Anual,Avenida Casablanca,Calle El Acorazado Potemkin-Avenida Septimo Arte,544,26-10-2015,515,"0,06260","0,04360","0,00930","8914,00000"
726,EA,Instalado,Anual,Avenida Casablanca,Avenida Septimo Arte-Calle El Acorazado Potemkin,543,26-10-2015,514,"0,05900","0,05970","0,00660","6317,00000"
727,EA,Instalado,Anual,Avenida De La Ilustracion,Glorieta Manuel Albar-Glorieta Santiago Loren,504,26-10-2015,476,"0,05720","0,06630","0,00600","2394,00000"
728,EA,Instalado,Anual,Avenida De La Ilustracion,Glorieta Santiago Loren-Glorieta Manuel Albar,505,26-10-2015,477,"0,06330","0,04910","0,00550","2605,00000"
729,EA,Instalado,Anual,Calle San Juan Bautista De La Salle,Calle Alcalde Gomez Laguna-Calle Tomas Anzano,525,26-10-2015,497,"0,05650","0,06620","0,00710","7706,00000"
730,EA,Instalado,Anual,Calle San Juan Bautista De La Salle,Calle Tomas Anzano-Calle Alcalde Gomez Laguna,524,26-10-2015,496,"0,06480","0,04470","0,00550","7942,00000"
731,EA,Instalado,Anual,Avenida De La Ilustracion,Calle Tomas De Lezaun-Calle Tomas Anzano,517,26-10-2015,489,"0,06400","0,04770","0,00520","3715,00000"
732,EA,Instalado,Anual,Avenida De La Ilustracion,Calle Tomas Anzano-Calle Tomas De Lezaun,516,26-10-2015,488,"0,05860","0,06260","0,00580","2749,00000"
733,EA,Instalado,Anual,Calle Tomas De Lezaun,Calle San Juan Bautista De La Salle-Avenida De La Ilustracion,546,26-10-2015,517,"0,05430","0,07410","0,00660","4882,00000"
734,EA,Instalado,Anual,Calle Tomas Anzano,Avenida De La Ilustracion-Calle San Juan Bautista De La Salle,545,26-10-2015,516,"0,06730","0,03460","0,00680","4592,00000"
735,EA,Instalado,Anual,Calle Alcalde Gomez Laguna,Via Hispanidad-Glorieta Manuel Albar,409,21-10-2015,395,"0,05720","0,05950","0,00950","21894,00000"
736,EA,Instalado,Anual,Calle Alcalde Gomez Laguna,Glorieta Manuel Albar-Via Hispanidad,410,21-10-2015,396,"0,06240","0,04970","0,00660","20534,00000"
737,EA,Instalado,Anual,Via Hispanidad,Calle Alcalde Gomez Laguna-Avenida Ramon Sainz De Varanda,408,,394,"0,06270","0,04880","0,00650","13134,00000"
738,EA,Instalado,Anual,Via Hispanidad,Avenida Ramon Sainz De Varanda-Calle Alcalde Gomez Laguna,407,,393,"0,06060","0,05610","0,00610","19268,00000"
739,EA,Instalado,Anual,Avenida Juan Pablo Ii,Calle Andres Gay Sangros-Calle Alcalde Gomez Laguna,414,21-10-2015,400,"0,06400","0,04650","0,00570","5577,00000"
740,EA,Instalado,Anual,Avenida Juan Carlos I,Calle Maria Guerrero-Calle Duquesa Villahermosa,300,19-10-2015,289,"0,06160","0,05130","0,00690","4686,00000"
741,EA,Instalado,Anual,Avenida Juan Pablo Ii,Avenida Ramon Sainz De Varanda-Calle Condes De Aragon,134,,125,"0,06600","0,04420","0,00390","8455,00000"
742,EA,Instalado,Anual,Avenida Juan Carlos I,Calle Condes De Aragon-Avenida Ramon Sainz De Varanda,135,15-10-2015,126,"0,06350","0,05030","0,00460","6469,00000"
743,EA,Instalado,Anual,Calle Condes De Aragon,Calle Violante De Hungria-Calle Luis Bermejo,418,21-10-2015,404,"0,06240","0,04870","0,00700","8545,00000"
744,EA,Instalado,Anual,Calle Violante De Hungria,Calle Alcalde Gomez Laguna-Calle Condes De Aragon,406,,392,"0,06410","0,04610","0,00570","12809,00000"
745,EA,Instalado,Anual,Calle Violante De Hungria,Calle Condes De Aragon-Calle Alcalde Gomez Laguna,405,,391,"0,06190","0,05210","0,00620","10145,00000"
746,EA,Instalado,Anual,Via Universitas,Calle Duquesa Villahermosa-Calle Alcalde Gomez Laguna,136,,127,"0,06270","0,04840","0,00680","16596,00000"
747,EA,Instalado,Anual,Via Universitas,Calle Alcalde Gomez Laguna-Calle Duquesa Villahermosa,137,,128,"0,06240","0,05080","0,00600","11775,00000"
748,EA,Instalado,Anual,Avenida San Juan Bosco,Calle Pedro Lopez De Luna-Calle Corona De Aragon,138,15-10-2015,129,"0,06420","0,04620","0,00560","13027,00000"
749,EA,Instalado,Anual,Avenida San Juan Bosco,Calle Corona De Aragon-Calle Pedro Lopez De Luna,139,15-10-2015,130,"0,06040","0,05460","0,00710","18197,00000"
750,EA,Instalado,Anual,Calle Franco Y Lopez,Calle Obispo Covarrubias-Avenida Valencia,140,15-10-2015,131,"0,06010","0,04820","0,01080","11186,00000"
751,EA,Instalado,Anual,Avenida Valencia,Calle Jose Garcia Sanchez-Calle Franco Y Lopez,141,15-10-2015,132,"0,06040","0,05500","0,00680","16692,00000"
752,EA,Instalado,Anual,Calle Duquesa Villahermosa,Via Universitas-Avenida Juan Carlos I,150,15-10-2015,141,"0,06080","0,05430","0,00660","6903,00000"
753,EA,Instalado,Anual,Calle Duquesa Villahermosa,Avenida Juan Carlos I-Via Universitas,149,15-10-2015,140,"0,06320","0,04970","0,00530","11522,00000"
754,EA,Instalado,Anual,Calle Berenguer De Bardaji,Calle Terminillo-Via Universitas,292,19-10-2015,281,"0,05950","0,05110","0,01020","3959,00000"
755,EA,Instalado,Anual,Calle Hermanos Gambra,Calle Barcelona-Via Universitas,294,19-10-2015,283,"0,06000","0,05130","0,00940","3534,00000"
756,EA,Instalado,Anual,Calle Daroca,Via Universitas-Calle Mariano Carderera,293,19-10-2015,282,"0,05910","0,05700","0,00790","2821,00000"
757,EA,Instalado,Anual,Autovia Logrono,Camino El Pilon Miralbueno-Urbanizacion Torres S Lamberto,163,16-10-2015,154,"0,06190","0,04270","0,01080","15220,00000"
758,EA,Instalado,Anual,Autovia Logrono,Urbanizacion Torres S Lamberto-Camino El Pilon Miralbueno,164,16-10-2015,155,"0,06360","0,04810","0,00560","16787,00000"
759,EA,Instalado,Anual,Carretera Aeropuerto,Autovia Logrono-Ronda Ibon De Plan,550,26-10-2015,521,"0,06340","0,04380","0,00800","6584,00000"
760,EA,Instalado,Anual,Carretera Aeropuerto,Ronda Ibon De Plan-Autovia Logrono,549,26-10-2015,520,"0,06210","0,03960","0,01210","6352,00000"
761,EA,Instalado,Anual,Ronda Ibon De Plan,Carretera Aeropuerto-Camino El Pilon Miralbueno,548,26-10-2015,519,"0,06300","0,04610","0,00750","4605,00000"
762,EA,Instalado,Anual,Ronda Ibon De Plan,Camino El Pilon Miralbueno-Carretera Aeropuerto,547,26-10-2015,518,"0,06360","0,03710","0,01110","6279,00000"
763,EA,Instalado,Anual,Camino El Pilon Miralbueno,Autovia Logrono-Calle Jose Maria Castro Calvo Miralbueno,165,16-10-2015,156,"0,06160","0,05480","0,00520","1835,00000"
764,EA,Instalado,Anual,Camino El Pilon Miralbueno,Calle Jose Maria Castro Calvo Miralbueno-Autovia Logrono,166,16-10-2015,157,"0,06510","0,04010","0,00730","4735,00000"
767,EA,Instalado,Anual,Via Hispanidad,Calle Via Verde-Calle Alfredo Nobel,159,16-10-2015,150,"0,06180","0,05280","0,00590","15908,00000"
768,EA,Instalado,Anual,Via Hispanidad,Calle Alfredo Nobel-Calle Via Verde,160,16-10-2015,151,"0,06080","0,05120","0,00820","16235,00000"
769,EA,Instalado,Anual,Calle Via Verde,Calle Angela Bravo Ortega-Calle Severo Ochoa,466,23-10-2015,451,"0,06160","0,04850","0,00830","1190,00000"
770,EA,Instalado,Anual,Calle Antonio De Leyva,Calle Baron De Purroy-Calle Teodora Lamadrid,464,23-10-2015,449,"0,06040","0,05070","0,00900","4964,00000"
771,EA,Instalado,Anual,Calle Miguel Agustin Principe,Calle Teodora Lamadrid-Calle Pio Ballesteros,465,23-10-2015,450,"0,05840","0,06030","0,00730","4320,00000"
772,EA,Instalado,Anual,Calle Alfredo Nobel,Via Hispanidad-Calle Madre Barat,158,16-10-2015,149,"0,05660","0,06180","0,00920","3968,00000"
773,EA,Instalado,Anual,Calle Alfredo Nobel,Calle Madre Barat-Via Hispanidad,157,16-10-2015,148,"0,06060","0,04830","0,00990","4316,00000"
774,EA,Instalado,Anual,Calle Ramiro I De Aragon,Aninon De La Canada-Calle Celso Emilio Ferreiro,297,19-10-2015,286,"0,06170","0,05220","0,00640","6086,00000"
775,EA,Instalado,Anual,Calle Mosen Andres Vicente,Calle Fray Juan Regla-Avenida Madrid,169,16-10-2015,160,"0,05940","0,05080","0,01040","4929,00000"
776,EA,Instalado,Anual,Avenida Madrid,Calle Demetrio Galan Bergua-Via Hispanidad,167,16-10-2015,158,"0,05680","0,05340","0,01310","13547,00000"
777,EA,Instalado,Anual,Avenida Madrid,Via Hispanidad-Calle Demetrio Galan Bergua,168,16-10-2015,159,"0,05840","0,05520","0,00980","4373,00000"
778,EA,Instalado,Anual,Autovia Madrid,Via Hispanidad-Calle Pilar Miro,156,16-10-2015,147,"0,05890","0,05060","0,01130","15203,00000"
779,EA,Instalado,Anual,Autovia Madrid,Calle Pilar Miro-Via Hispanidad,155,16-10-2015,146,"0,06080","0,05290","0,00740","10453,00000"
780,EA,Instalado,Anual,Calle Alejandro Olivan,Calle Conde De Sobradiel-Calle Mosen Jose Bosqued,462,23-10-2015,447,"0,05940","0,05080","0,01050","1123,00000"
781,EA,Instalado,Anual,Calle Mosen Jose Bosqued,Calle Alejandro Olivan-Calle Emilio Laguna Azorin,463,23-10-2015,448,"0,05650","0,06400","0,00830","1398,00000"
782,EA,Instalado,Anual,Calle Demetrio Galan Bergua,Calle Escultor Palao-Calle Villa De Andorra,295,19-10-2015,284,"0,06240","0,04830","0,00730","4329,00000"
783,EA,Instalado,Anual,Via Hispanidad,Calle Oceano Atlantico-Calle Villa De Andorra,152,15-10-2015,143,"0,06220","0,04930","0,00700","19344,00000"
784,EA,Instalado,Anual,Via Hispanidad,Calle Villa De Andorra-Calle Oceano Atlantico,151,15-10-2015,142,"0,06110","0,05170","0,00750","19293,00000"
785,EA,Instalado,Anual,Avenida Valdefierro,Autovia Madrid-Calle Dalia,154,16-10-2015,145,"0,06390","0,04470","0,00680","277,00000"
786,EA,Instalado,Anual,Avenida Valdefierro,Calle Dalia-Autovia Madrid,153,16-10-2015,144,"0,06370","0,04110","0,00890","3078,00000"
787,EA,Instalado,Anual,Autovia Madrid,Vesubio-Ronda Ibon De Plan,506,26-10-2015,478,"0,06050","0,04730","0,01060","11341,00000"
788,EA,Instalado,Anual,Autovia Madrid,Ronda Ibon De Plan-Vesubio,507,26-10-2015,479,"0,06140","0,05310","0,00640","9813,00000"
789,EA,Instalado,Anual,Ronda Ibon De Plan,Autovia Madrid-Calle Antonio De Leyva,279,19-10-2015,269,"0,05890","0,05530","0,00900","7386,00000"
790,EA,Instalado,Anual,Ronda Ibon De Plan,Calle Antonio De Leyva-Autovia Madrid,280,19-10-2015,270,"0,06090","0,05070","0,00830","6118,00000"
791,EA,Instalado,Anual,Autovia Madrid,Ronda Ibon De Plan-Calle Aldebaran,509,26-10-2015,481,"0,05980","0,04830","0,01120","12455,00000"
792,EA,Instalado,Anual,Autovia Madrid,Calle Aldebaran-Ronda Ibon De Plan,508,26-10-2015,480,"0,06250","0,04690","0,00780","6030,00000"
793,EA,Instalado,Anual,Calle Orion,Autovia Madrid-Calle Aldebaran,475,23-10-2015,459,"0,05760","0,06370","0,00680","5220,00000"
794,EA,Instalado,Anual,Calle Orion,Calle Aldebaran-Autovia Madrid,474,23-10-2015,458,"0,06200","0,03730","0,01340","4147,00000"
795,EA,Instalado,Anual,Calle San Juan Bautista De La Salle,Calle Joaquin Rodrigo-Autovia Madrid,513,26-10-2015,485,"0,06640","0,02690","0,01200","3559,00000"
796,EA,Instalado,Anual,Calle San Juan Bautista De La Salle,Autovia Madrid-Calle Joaquin Rodrigo,512,26-10-2015,484,"0,05520","0,07470","0,00490","4136,00000"
797,EA,Instalado,Anual,Autovia Madrid,Calle San Juan Bautista De La Salle-Autovia Madrid,515,26-10-2015,487,"0,06260","0,03610","0,01310","10740,00000"
798,EA,Instalado,Anual,Autovia Madrid,Autovia Madrid-Calle San Juan Bautista De La Salle,514,26-10-2015,486,"0,06050","0,05390","0,00740","9775,00000"
799,EA,Instalado,Anual,Autovia Madrid,Autovia Madrid-Calle San Juan Bautista De La Salle,510,26-10-2015,482,"0,06370","0,04980","0,00450","3110,00000"
800,EA,Instalado,Anual,Autovia Madrid,Calle San Juan Bautista De La Salle-Autovia Madrid,511,26-10-2015,483,"0,06270","0,04680","0,00750","4360,00000"
801,EA,Instalado,Anual,Calle Federico Ozanam,Avenida Francisca  Millan Serrano-Calle Pegaso,471,23-10-2015,456,"0,06050","0,05500","0,00680","4760,00000"
802,EA,Instalado,Anual,Calle Obispo Peralta,Calle Federico Ozanam-Calle Capricornio,470,23-10-2015,455,"0,06050","0,05780","0,00530","1712,00000"
803,EA,Instalado,Anual,Calle Via Lactea,Calle Procion-Calle Estromboli,468,,453,"0,06250","0,04310","0,00970","3360,00000"
804,EA,Instalado,Anual,Calle Estromboli,Calle Via Lactea-Calle Procion,469,23-10-2015,454,"0,06030","0,05570","0,00670","1696,00000"
805,EA,Instalado,Anual,Calle Ibon,Avenida De La Ilustracion-Calle Ermesinda De Aragon,518,26-10-2015,490,"0,06330","0,04890","0,00560","1851,00000"
806,EA,Instalado,Anual,Calle Ibon,Calle Ermesinda De Aragon-Avenida De La Ilustracion,519,26-10-2015,491,"0,06010","0,06160","0,00410","1422,00000"
807,EA,Instalado,Anual,Calle Ermesinda De Aragon,Avenida De La Ilustracion-Calle De La Mesta,521,26-10-2015,493,"0,06510","0,04360","0,00560","1498,00000"
808,EA,Instalado,Anual,Calle Ermesinda De Aragon,Calle De La Mesta-Avenida De La Ilustracion,520,26-10-2015,492,"0,05890","0,06010","0,00660","924,00000"
809,EA,Instalado,Anual,Avenida De La Ilustracion,Calle Ermesinda De Aragon-Calle Martin Diez De Aux,522,26-10-2015,494,"0,06320","0,04460","0,00790","1292,00000"
810,EA,Instalado,Anual,Avenida De La Ilustracion,Calle Martin Diez De Aux-Calle Ermesinda De Aragon,523,26-10-2015,495,"0,06070","0,05860","0,00460","2254,00000"
811,EA,Instalado,Anual,Calle Antonio Sangenis,Calle Graus-Calle Padre Manjon,411,21-10-2015,397,"0,05670","0,06100","0,00940","1990,00000"
815,EA,Instalado,Anual,Avenida Puerto Venecia,Avenida Isla De Murano,589,27-10-2015,556,"0,06440","0,04780","0,00450","10344,00000"
816,EA,Instalado,Anual,Avenida Puerto Venecia,Avenida Isla De Murano-,590,27-10-2015,557,"0,05120","0,08070","0,00780","11204,00000"
817,EA,Instalado,Anual,Calle Conde De Aranda,Paseo Maria Agustin-Plaza El Portillo,54,,52,"0,06500","0,04130","0,00690","6029,00000"
820,EA,Instalado,Anual,Calle Biel,Autovia Madrid-Calle Dalia,473,23-10-2015,457,"0,05890","0,05950","0,00700","3406,00000"
821,EA,Instalado,Anual,Paseo Maria Agustin,Calle Basilio Boggiero-Calle Conde De Aranda,57,,55,"0,06010","0,04990","0,00990","20038,00000"
822,EA,Instalado,Anual,Avenida Puente Del Pilar,Calle Jose Oto-Avenida Cataluna,334,01-04-2016,322,"0,06120","0,04980","0,00830","10166,00000"
823,EA,Instalado,Anual,Calle Arquitecto De La Figuera,Avenida De Los Pirineos-Calle Palencia,304,19-10-2015,293,"0,05980","0,05680","0,00690","2873,00000"
824,EA,Instalado,Anual,Avenida Cesareo Alierta,Calle La Puebla De Hijar-Ronda Hispanidad,652,22-10-2015,586,"0,06450","0,04250","0,00700","6520,00000"
825,EA,Instalado,Anual,Francisco Albinana Corrale,Paseo De Los Rosales-Avenida Tenor Fleta,429,21-10-2015,415,"0,06440","0,04620","0,00530","1647,00000"
826,EA,Instalado,Anual,Calle Luciano Gracia,Calle Miguel Luesma Castan-Calle Maria De Luna,566,27-10-2015,535,"0,05930","0,05980","0,00610","4251,00000"
827,EA,Instalado,Anual,Calle Luciano Gracia,Calle Maria De Luna-Calle Miguel Luesma Castan,565,27-10-2015,534,"0,06340","0,05290","0,00340","4610,00000"
828,EA,Instalado,Anual,Calle Biarritz,Avenida Navarra-Via Hispanidad,162,,153,"0,06260","0,04400","0,00910","1457,00000"
829,EA,Instalado,Anual,Calle Biarritz,Via Hispanidad-Avenida Navarra,161,,152,"0,05950","0,05800","0,00670","1572,00000"
830,EA,Instalado,Anual,Avenida Tenor Fleta,Camino Puente Virrey-Calle Antonio Vico,493,23-10-2015,465,"0,05610","0,06600","0,00780","1580,00000"
831,EA,Instalado,Anual,Avenida Tenor Fleta,Calle Antonio Vico-Camino Puente Virrey,494,23-10-2015,466,"0,06220","0,05000","0,00680","1391,00000"
832,EA,Instalado,Anual,Calle Via Lactea,Calle Estromboli-Calle Procion,467,,452,"0,05340","0,07310","0,00830","2825,00000"
833,EA,Instalado,Anual,Paseo De Colon,Paseo Mariano Renovales-Sarrion,450,22-10-2015,436,"0,05910","0,05720","0,00770","4830,00000"
835,EA,Instalado,Anual,Avenida La Almozara,Plaza Europa-Rio Guadiana,59,13-10-2015,57,"0,05810","0,05620","0,00980","9745,00000"
836,EA,Instalado,Anual,Calle Norte Santa Isabel,Calle Salvador Valiente Aznar Santa Isabel-Calle Iglesia Santa Isabel,608,27-10-2015,575,"0,06630","0,04190","0,00460","1124,00000"
837,EA,Instalado,Anual,Calle Norte Santa Isabel,Calle Iglesia Santa Isabel-Calle Salvador Valiente Aznar Santa Isabel,607,27-10-2015,574,"0,06420","0,04460","0,00640","539,00000"
838,EA,Instalado,Anual,Avenida Estudiantes Santa Isabel,Calle De La Juventud Santa Isabel-Avenida La Industria Santa Isabel,600,27-10-2015,567,"0,06450","0,04670","0,00490","2062,00000"
839,EA,Instalado,Anual,Avenida Estudiantes Santa Isabel,Avenida La Industria Santa Isabel-Calle De La Juventud Santa Isabel,599,27-10-2015,566,"0,06240","0,05430","0,00420","3246,00000"
841,EA,Instalado,Anual,Calle Jorge Coci,Calle Mariano Alvira Lasierra-Calle Doctor J. Aznar Molina,80,13-10-2015,76,"0,06060","0,05200","0,00800","4826,00000"
842,EA,Instalado,Anual,Avenida Cataluna,Calle Jesus-Calle Sobrarbe,335,20-10-2015,323,"0,06040","0,05190","0,00840","9115,00000"
843,EA,Instalado,Anual,Calle San Rafael,Calle Ntra. Sra. De Covadonga-Via Universitas,171,16-10-2015,162,"0,05870","0,05340","0,01030","3046,00000"
1000,EA,Instalado,Anual,Avenida Cesareo Alierta,Calle San Vicente Martir-Paseo Constitucion,92,13-10-2015,87,"0,06420","0,04220","0,00760","10705,00000"
1001,EA,Instalado,Anual,Calle Coso,Calle Tte. Coronel Valenzuela-Avenida Cesar Augusto,98,15-10-2015,91,"0,06010","0,04910","0,01030","1661,00000"
1002,EA,Instalado,Anual,Carretera Villamayor Santa Isabel,Carretera Villamayor Santa Isabel-Avenida Real Zaragoza Santa Isabel,613,28-10-2015,580,"0,06710","0,02910","0,00970","3619,00000"
1003,EA,Instalado,Anual,Carretera Villamayor Santa Isabel,Avenida Real Zaragoza Santa Isabel-Carretera Villamayor Santa Isabel,614,28-10-2015,581,"0,06360","0,04840","0,00540","3592,00000"
